controlador,cenario,start_temp,occupancy,hour,conf_larga_pct,conf_estreita_pct,na_tolerancia_pct,desvio_ideal,energia_kwh
DQN Agressivo,R001,19.864712381941885,36,7,85.33333333333334,78.66666666666666,73.33333333333333,0.6953138858484338,12.308982
DQN Agressivo,R002,29.555212774656482,29,16,88.0,84.0,81.33333333333333,0.6444475087325087,18.756544
DQN Agressivo,R003,22.648862360232453,38,7,100.0,98.66666666666667,93.33333333333333,0.20274814526972254,15.825834
DQN Agressivo,R004,26.171248810982227,9,4,100.0,100.0,100.0,0.1360954084711989,9.378272
DQN Agressivo,R005,27.436852748248562,28,22,100.0,100.0,100.0,0.1471187743925229,16.411976000000003
DQN Agressivo,R006,20.220177148702707,42,22,90.66666666666666,84.0,81.33333333333333,0.4990936345853639,14.653550000000001
DQN Agressivo,R007,27.343036702706332,6,2,100.0,100.0,100.0,0.151957076291308,9.378272
DQN Agressivo,R008,23.511274324852817,3,21,100.0,100.0,86.66666666666667,0.2506678397345852,4.102994000000001
DQN Agressivo,R009,27.856709497994373,9,7,96.0,93.33333333333333,90.66666666666666,0.30069954546023375,11.136698
DQN Agressivo,R010,28.47677877661113,35,5,100.0,100.0,100.0,0.14208213952462315,21.101112
DQN Agressivo,R011,17.38710768221754,18,3,62.66666666666667,53.333333333333336,49.333333333333336,1.7965763213698354,4.689136
DQN Agressivo,R012,21.78170314422999,21,11,98.66666666666667,90.66666666666666,84.0,0.3377329669024245,8.205988000000001
DQN Agressivo,R013,20.529157480943105,25,19,88.0,74.66666666666667,70.66666666666667,0.6568354228853063,8.79213
DQN Agressivo,R014,19.286004617921407,1,3,57.333333333333336,42.66666666666667,32.0,1.7762482673047577,0.586142
DQN Agressivo,R015,17.55830077626391,5,14,38.666666666666664,20.0,12.0,2.682525658510002,0.586142
DQN Agressivo,R016,30.53061237435802,30,14,84.0,80.0,76.0,0.8712000453883965,20.514970000000005
DQN Agressivo,R017,31.84380213931172,29,17,81.33333333333333,77.33333333333333,70.66666666666667,1.1084314778484006,21.101112
DQN Agressivo,R018,30.62937239568597,32,22,100.0,100.0,100.0,0.15088620713534145,21.101112
DQN Agressivo,R019,25.285162154400002,11,22,100.0,100.0,100.0,0.1395281580673342,8.205988000000001
DQN Agressivo,R020,24.414794981340012,14,6,100.0,100.0,100.0,0.1334537001820327,9.378272000000003
DQN Agressivo,R021,23.68023802707093,26,15,100.0,100.0,96.0,0.17105910745368638,11.722840000000001
DQN Agressivo,R022,21.62514581793993,31,21,97.33333333333334,86.66666666666667,82.66666666666667,0.361131760226109,11.722840000000001
DQN Agressivo,R023,20.370260979701083,13,8,80.0,70.66666666666667,64.0,0.8456642286245424,4.689136
DQN Agressivo,R024,20.400507776929764,38,8,89.33333333333333,84.0,78.66666666666666,0.5276269011800117,12.308982
DQN Agressivo,R025,16.08537967319124,1,15,16.0,0.0,0.0,4.174799905820655,0.0
DQN Agressivo,R026,20.800506026227012,28,1,90.66666666666666,81.33333333333333,77.33333333333333,0.534347935913028,10.550556
DQN Agressivo,R027,26.48609261335847,1,4,100.0,100.0,93.33333333333333,0.2063651450842237,6.4475620000000005
DQN Agressivo,R028,21.174602582733023,43,10,96.0,90.66666666666666,86.66666666666667,0.3416754431042357,14.653550000000003
DQN Agressivo,R029,18.553439798065913,37,5,78.66666666666666,72.0,69.33333333333334,1.0104443751834387,11.722840000000001
DQN Agressivo,R030,24.063662960670257,18,11,100.0,100.0,96.0,0.17294631215675604,9.378272
DQN Agressivo,R031,20.338950014931505,5,7,72.0,58.666666666666664,52.0,1.163274257586775,2.344568
DQN Agressivo,R032,20.744141036834034,30,6,89.33333333333333,81.33333333333333,77.33333333333333,0.5624600828411512,11.136698000000003
DQN Agressivo,R033,24.206947077588367,26,5,100.0,100.0,100.0,0.1511060753980516,13.481266000000002
DQN Agressivo,R034,24.42572014344169,32,5,100.0,100.0,100.0,0.15328447179988633,15.239692000000002
DQN Agressivo,R035,30.25420509193806,21,4,100.0,100.0,100.0,0.14164736281521836,18.170402000000003
DQN Agressivo,R036,30.65665695565702,23,4,100.0,100.0,100.0,0.14634565912281525,18.756544
DQN Agressivo,R037,28.75903264293315,17,14,92.0,88.0,84.0,0.48359712304725255,14.067408000000002
DQN Agressivo,R038,19.555635593786324,39,18,85.33333333333334,78.66666666666666,72.0,0.6996490723739373,11.722840000000001
DQN Agressivo,R039,20.237429682093513,15,2,81.33333333333333,70.66666666666667,65.33333333333333,0.8413520016787885,5.861420000000001
DQN Agressivo,R040,26.506964279407548,35,12,98.66666666666667,94.66666666666667,88.0,0.27269194181234097,18.170402000000003
DQN Agressivo,R041,26.786954090659687,4,4,100.0,100.0,100.0,0.15397960440453085,8.205988000000001
DQN Agressivo,R042,20.21879632755969,26,16,88.0,80.0,74.66666666666667,0.6181396155226943,8.205988000000001
DQN Agressivo,R043,17.374817986265427,38,21,76.0,70.66666666666667,66.66666666666666,1.1718296259292815,11.136698
DQN Agressivo,R044,23.287804486179862,12,14,100.0,100.0,98.66666666666667,0.15592945520094623,7.033704
DQN Agressivo,R045,21.322793571147038,31,4,94.66666666666667,86.66666666666667,81.33333333333333,0.41384586895444553,12.308982000000002
DQN Agressivo,R046,16.165106172522695,13,5,48.0,38.666666666666664,33.33333333333333,2.767425365704036,1.758426
DQN Agressivo,R047,30.790011539118083,40,23,100.0,100.0,100.0,0.14165086768143534,24.031822000000002
DQN Agressivo,R048,23.51046983424874,26,9,100.0,100.0,97.33333333333334,0.1720770223326881,11.722840000000001
DQN Agressivo,R049,20.691100381558552,31,23,90.66666666666666,82.66666666666667,78.66666666666666,0.5213912834390104,11.722840000000001
DQN Agressivo,R050,16.989444289519348,17,9,60.0,52.0,46.666666666666664,2.0512919135263017,2.344568
DQN Agressivo,R051,18.866690356984265,7,5,61.33333333333333,49.333333333333336,44.0,1.692939907633213,1.758426
DQN Agressivo,R052,29.260133557681602,21,4,100.0,100.0,100.0,0.14521048619691537,16.998118
DQN Agressivo,R053,25.38486623094757,43,8,100.0,98.66666666666667,94.66666666666667,0.195332942972145,19.342686
DQN Agressivo,R054,24.623789263670066,2,8,100.0,100.0,98.66666666666667,0.1935762744866725,5.275278
DQN Agressivo,R055,20.806268459833934,5,6,77.33333333333333,64.0,57.333333333333336,0.9451136621666982,2.9307100000000004
DQN Agressivo,R056,17.45148196606189,15,11,64.0,54.666666666666664,44.0,1.8153070385040364,2.344568
DQN Agressivo,R057,31.016829206747424,40,22,100.0,100.0,100.0,0.15011715425824998,24.031822000000005
DQN Agressivo,R058,16.46552327276102,44,22,76.0,70.66666666666667,68.0,1.1929955172707432,12.895124000000003
DQN Agressivo,R059,18.065917001251965,30,17,73.33333333333333,62.66666666666667,57.333333333333336,1.2972499913721915,8.205988000000001
DQN Agressivo,R060,31.240852614844812,34,4,100.0,100.0,100.0,0.1527840670699552,23.445680000000003
DQN Agressivo,R061,21.634874727535795,36,9,98.66666666666667,90.66666666666666,84.0,0.3264263703928969,12.895124000000001
DQN Agressivo,R062,21.896432280461248,30,12,100.0,93.33333333333333,88.0,0.27410659507366913,11.136698
DQN Agressivo,R063,16.152898465312617,45,10,73.33333333333333,68.0,62.66666666666667,1.5285470434097779,10.550556
DQN Agressivo,R064,30.920181401697484,0,2,100.0,100.0,100.0,0.18963330014690588,10.550556
DQN Agressivo,R065,24.229441896786625,39,11,100.0,100.0,97.33333333333334,0.16148519688098348,16.411976000000003
DQN Agressivo,R066,29.30371533543771,12,23,100.0,100.0,100.0,0.13691378980929667,12.895124000000001
DQN Agressivo,R067,28.020639507804233,2,6,100.0,98.66666666666667,97.33333333333334,0.20686372741372533,8.79213
DQN Agressivo,R068,27.391926107987587,1,8,97.33333333333334,94.66666666666667,92.0,0.3139741188543114,7.619846000000001
DQN Agressivo,R069,29.05817321293346,17,16,90.66666666666666,88.0,81.33333333333333,0.528627999938541,14.653550000000003
DQN Agressivo,R070,32.61804447646341,19,20,88.0,88.0,88.0,0.8722034596875355,18.756544
DQN Agressivo,R071,16.783836248981082,44,6,72.0,66.66666666666666,64.0,1.4915396393555564,12.308982
DQN Agressivo,R072,30.66064866071436,3,14,88.0,84.0,82.66666666666667,0.7241930234108027,11.136698
DQN Agressivo,R073,21.852385294246545,40,1,98.66666666666667,90.66666666666666,88.0,0.3094603303427723,15.239692000000002
DQN Agressivo,R074,28.96883538969567,30,0,100.0,100.0,100.0,0.14198786624802368,19.342686
DQN Agressivo,R075,17.578340167065313,37,23,76.0,70.66666666666667,68.0,1.1040433602539341,11.136698000000003
DQN Agressivo,R076,29.192222312887708,15,20,92.0,89.33333333333333,88.0,0.4586526888161291,14.067408000000002
DQN Agressivo,R077,24.11169027697438,27,4,100.0,100.0,100.0,0.14597385217327508,13.481266000000002
DQN Agressivo,R078,25.077614459467817,25,10,100.0,100.0,96.0,0.171138852480423,12.895124000000001
DQN Agressivo,R079,18.771503142288097,20,3,72.0,64.0,60.0,1.213639920249683,6.4475620000000005
DQN Agressivo,R080,20.38855286153897,32,22,89.33333333333333,81.33333333333333,78.66666666666666,0.5386729415013704,11.722840000000001
DQN Agressivo,R081,32.775718011409566,5,16,82.66666666666667,80.0,77.33333333333333,1.1292334223885319,14.067408000000002
DQN Agressivo,R082,28.29367602730619,22,17,93.33333333333333,89.33333333333333,86.66666666666667,0.42258982093458397,15.239692000000002
DQN Agressivo,R083,24.79572381474744,18,4,100.0,100.0,100.0,0.14980844578814745,11.136698
DQN Agressivo,R084,30.91998551776868,30,21,94.66666666666667,94.66666666666667,94.66666666666667,0.45029045702082915,21.101112
DQN Agressivo,R085,28.062087397422893,40,22,100.0,100.0,100.0,0.14403061515984064,21.101112
DQN Agressivo,R086,32.659968726790204,26,12,77.33333333333333,74.66666666666667,66.66666666666666,1.3534462378642524,21.101112000000004
DQN Agressivo,R087,28.878681618294404,12,14,92.0,88.0,80.0,0.5005151718760105,12.895124000000003
DQN Agressivo,R088,17.953114159578913,2,7,42.66666666666667,28.000000000000004,16.0,2.7433265944364296,0.0
DQN Agressivo,R089,17.15147625800826,34,21,73.33333333333333,66.66666666666666,64.0,1.3070337493538415,9.964414000000001
DQN Agressivo,R090,16.375196780873626,32,12,69.33333333333334,62.66666666666667,56.00000000000001,1.6893366631370799,6.4475620000000005
DQN Agressivo,R091,19.019405810342416,18,3,73.33333333333333,64.0,60.0,1.1730344178157919,5.861420000000001
DQN Agressivo,R092,18.819356161102448,23,21,76.0,68.0,62.66666666666667,1.08125386575117,7.619846000000001
DQN Agressivo,R093,24.40599213484399,29,8,100.0,100.0,94.66666666666667,0.18109935449460765,14.067408000000002
DQN Agressivo,R094,32.986567039989566,31,13,76.0,72.0,66.66666666666666,1.4954503180714,22.859538
DQN Agressivo,R095,21.15662913529142,14,8,89.33333333333333,78.66666666666666,68.0,0.5999178386487394,5.861420000000001
DQN Agressivo,R096,27.829736926905802,34,2,100.0,100.0,100.0,0.14664158150037637,19.342686
DQN Agressivo,R097,28.889760198869006,31,21,94.66666666666667,94.66666666666667,94.66666666666667,0.3362556112265333,18.756544
DQN Agressivo,R098,24.07722946120964,9,10,100.0,100.0,94.66666666666667,0.1792919819706471,6.4475620000000005
DQN Agressivo,R099,18.432951145570694,23,10,74.66666666666667,68.0,60.0,1.2092564606290117,5.861420000000001
DQN Agressivo,R100,28.994998804445792,37,9,89.33333333333333,85.33333333333334,82.66666666666667,0.5603118310362538,21.101112
DQN Agressivo,R101,26.53882646688087,45,1,100.0,100.0,100.0,0.14224378844933322,21.687254000000003
DQN Agressivo,R102,19.73533135387115,44,4,88.0,81.33333333333333,78.66666666666666,0.6226032766053523,14.653550000000003
DQN Agressivo,R103,32.679949550163656,36,1,100.0,100.0,100.0,0.14707389889646671,24.617964
DQN Agressivo,R104,19.660414442193613,43,0,88.0,81.33333333333333,78.66666666666666,0.6188527629420668,14.653550000000001
DQN Agressivo,R105,26.872099278752515,15,15,97.33333333333334,94.66666666666667,88.0,0.28015938826240777,11.722840000000001
DQN Agressivo,R106,21.873865525555722,36,0,98.66666666666667,90.66666666666666,86.66666666666667,0.31343943030162075,14.067408
DQN Agressivo,R107,23.39517755283422,41,4,100.0,100.0,97.33333333333334,0.16299586422087003,17.58426
DQN Agressivo,R108,23.254312003757647,28,8,100.0,100.0,94.66666666666667,0.19399091000158408,12.308982000000002
DQN Agressivo,R109,19.758467720036144,32,20,84.0,76.0,72.0,0.7553126517485894,10.550556000000002
DQN Agressivo,R110,27.774455842445732,22,11,94.66666666666667,92.0,88.0,0.3566851680183511,14.653550000000001
DQN Agressivo,R111,22.794650322737745,40,2,100.0,97.33333333333334,93.33333333333333,0.2025585783494406,16.411976000000003
DQN Agressivo,R112,26.251655379624534,13,12,100.0,96.0,88.0,0.24292786999711874,10.550556000000002
DQN Agressivo,R113,31.391478120742825,38,23,100.0,100.0,100.0,0.1416503587042373,24.031822000000002
DQN Agressivo,R114,29.76311994803745,45,20,88.0,88.0,88.0,0.5941462838491507,24.617964
DQN Agressivo,R115,24.42842534765121,33,8,100.0,100.0,96.0,0.17897738680656725,15.239692000000002
DQN Agressivo,R116,24.142833293966795,39,12,100.0,100.0,97.33333333333334,0.1700849074812409,16.411976000000003
DQN Agressivo,R117,29.90084550662727,4,3,100.0,100.0,100.0,0.1582604643945588,11.136698
DQN Agressivo,R118,26.209501214713725,15,21,100.0,97.33333333333334,93.33333333333333,0.2107514206266012,11.136698
DQN Agressivo,R119,19.781888312329706,22,6,78.66666666666666,70.66666666666667,66.66666666666666,0.9239503654956908,7.619846000000001
DQN Agressivo,R120,30.317648202981793,33,15,84.0,81.33333333333333,74.66666666666667,0.8455544235377912,21.101112
DQN Agressivo,R121,32.41290402068458,28,15,78.66666666666666,74.66666666666667,69.33333333333334,1.298393727354567,21.687254000000003
DQN Agressivo,R122,32.1386591734737,16,19,84.0,81.33333333333333,81.33333333333333,0.9566070097273935,16.998118
DQN Agressivo,R123,27.46935574387181,40,4,100.0,100.0,100.0,0.14099425067664062,21.101112
DQN Agressivo,R124,19.630064172390004,6,20,65.33333333333333,50.66666666666667,44.0,1.4423468527856926,2.344568
DQN Agressivo,R125,21.676706848297933,34,16,98.66666666666667,92.0,85.33333333333334,0.31125706305906864,12.308982
DQN Agressivo,R126,23.401387220704393,1,11,100.0,100.0,97.33333333333334,0.20642760082871803,2.9307100000000004
DQN Agressivo,R127,16.179775680514382,16,19,50.66666666666667,41.333333333333336,36.0,2.579397111402405,3.516852
DQN Agressivo,R128,21.29464089162247,26,8,94.66666666666667,85.33333333333334,74.66666666666667,0.4640588818174867,9.964414000000001
DQN Agressivo,R129,17.217232321152526,35,14,74.66666666666667,68.0,61.33333333333333,1.3392495743658037,8.205988000000001
DQN Agressivo,R130,29.23640655745837,19,12,90.66666666666666,86.66666666666667,84.0,0.5506174641319319,15.239692000000002
DQN Agressivo,R131,24.121068012395074,27,18,100.0,100.0,97.33333333333334,0.16547501845213305,12.895124000000001
DQN Agressivo,R132,17.64429111375476,2,12,42.66666666666667,9.333333333333334,0.0,2.837202634414164,0.0
DQN Agressivo,R133,28.731022172568156,20,8,92.0,89.33333333333333,81.33333333333333,0.4737563803894964,15.825834000000002
DQN Agressivo,R134,30.894218097516948,1,10,88.0,85.33333333333334,78.66666666666666,0.775116103460985,11.136698
DQN Agressivo,R135,17.97023870413611,43,23,80.0,74.66666666666667,72.0,0.9294901894601701,13.481266000000002
DQN Agressivo,R136,23.75031245913905,4,18,100.0,100.0,100.0,0.17304225264088502,4.102994000000001
DQN Agressivo,R137,17.3303044986966,27,19,66.66666666666666,58.666666666666664,53.333333333333336,1.6473910064129254,7.033704
DQN Agressivo,R138,18.584005505923223,31,2,77.33333333333333,70.66666666666667,66.66666666666666,1.0298675303154727,9.964414000000001
DQN Agressivo,R139,20.699417141938664,1,10,80.0,66.66666666666666,58.666666666666664,0.911694588069052,0.586142
DQN Agressivo,R140,24.24985653089488,1,10,100.0,100.0,98.66666666666667,0.19014342437072113,4.102994000000001
DQN Agressivo,R141,16.587171953459148,3,14,22.666666666666664,8.0,0.0,3.5730193786175217,0.0
DQN Agressivo,R142,28.613307666948664,24,23,100.0,100.0,100.0,0.1474138000418615,16.411976000000003
DQN Agressivo,R143,25.42071911813817,35,22,100.0,100.0,100.0,0.14355057469316274,16.998118
DQN Agressivo,R144,32.18342384974947,34,5,97.33333333333334,94.66666666666667,93.33333333333333,0.2485035407190379,24.031822000000005
DQN Agressivo,R145,17.128458618422385,42,4,74.66666666666667,69.33333333333334,66.66666666666666,1.3037457437106543,12.308982
DQN Agressivo,R146,28.655368171943778,33,6,100.0,96.0,94.66666666666667,0.20828054985231703,20.51497
DQN Agressivo,R147,17.908051113770274,15,22,66.66666666666666,57.333333333333336,52.0,1.4633548872067854,4.102994000000001
DQN Agressivo,R148,27.621019667731012,18,22,100.0,100.0,100.0,0.14692176533659496,13.481266000000002
DQN Agressivo,R149,21.601666170843085,30,4,96.0,88.0,84.0,0.3682060123319465,12.308982
DQN Agressivo,R150,18.325409063887165,27,22,77.33333333333333,69.33333333333334,64.0,1.0427004108099285,8.79213
DQN Equilibrado,R001,19.864712381941885,36,7,85.33333333333334,78.66666666666666,72.0,0.7523845120383023,11.391542347826087
DQN Equilibrado,R002,29.555212774656482,29,16,88.0,84.0,82.66666666666667,0.6231080491863968,18.01749539130435
DQN Equilibrado,R003,22.648862360232453,38,7,100.0,98.66666666666667,93.33333333333333,0.28357555131334156,14.882909913043477
DQN Equilibrado,R004,26.171248810982227,9,4,100.0,100.0,80.0,0.2954537157419091,7.466939391304348
DQN Equilibrado,R005,27.436852748248562,28,22,100.0,100.0,100.0,0.19095533146492485,14.577096695652177
DQN Equilibrado,R006,20.220177148702707,42,22,90.66666666666666,84.0,62.66666666666667,0.6782380281294862,13.990954695652174
DQN Equilibrado,R007,27.343036702706332,6,2,100.0,100.0,70.66666666666667,0.38978871754484273,7.365001652173913
DQN Equilibrado,R008,23.511274324852817,3,21,100.0,100.0,68.0,0.4186032735067667,2.8032878260869563
DQN Equilibrado,R009,27.856709497994373,9,7,96.0,93.33333333333333,76.0,0.42038216848222376,9.633116347826086
DQN Equilibrado,R010,28.47677877661113,35,5,100.0,100.0,97.33333333333334,0.1899930071444884,19.546561478260873
DQN Equilibrado,R011,17.38710768221754,18,3,62.66666666666667,53.333333333333336,49.333333333333336,1.7813832704648531,3.6952430434782606
DQN Equilibrado,R012,21.78170314422999,21,11,98.66666666666667,90.66666666666666,85.33333333333334,0.3324943384998194,7.135641739130434
DQN Equilibrado,R013,20.529157480943105,25,19,88.0,74.66666666666667,70.66666666666667,0.6550062405903422,7.747268173913043
DQN Equilibrado,R014,19.286004617921407,1,3,57.333333333333336,42.66666666666667,24.0,1.818141338268348,0.0
DQN Equilibrado,R015,17.55830077626391,5,14,38.666666666666664,20.0,12.0,2.679359824758574,0.12742217391304347
DQN Equilibrado,R016,30.53061237435802,30,14,84.0,80.0,78.66666666666666,0.8348397117729889,19.393654869565218
DQN Equilibrado,R017,31.84380213931172,29,17,81.33333333333333,77.33333333333333,76.0,1.0801515970822577,19.97979686956522
DQN Equilibrado,R018,30.62937239568597,32,22,100.0,100.0,98.66666666666667,0.15571698255792024,19.673983652173916
DQN Equilibrado,R019,25.285162154400002,11,22,100.0,100.0,93.33333333333333,0.21151113910899924,6.498530869565217
DQN Equilibrado,R020,24.414794981340012,14,6,100.0,100.0,100.0,0.14635187197091112,7.645330434782608
DQN Equilibrado,R021,23.68023802707093,26,15,100.0,100.0,98.66666666666667,0.12682656988788962,10.423133826086957
DQN Equilibrado,R022,21.62514581793993,31,21,97.33333333333334,86.66666666666667,82.66666666666667,0.3560071354314843,10.983791391304347
DQN Equilibrado,R023,20.370260979701083,13,8,80.0,70.66666666666667,66.66666666666666,0.8484229358409169,3.5678208695652174
DQN Equilibrado,R024,20.400507776929764,38,8,89.33333333333333,84.0,74.66666666666667,0.6556956401648445,12.105106521739131
DQN Equilibrado,R025,16.08537967319124,1,15,16.0,0.0,0.0,4.174799905820655,0.0
DQN Equilibrado,R026,20.800506026227012,28,1,90.66666666666666,81.33333333333333,77.33333333333333,0.5054372000401071,9.225365391304347
DQN Equilibrado,R027,26.48609261335847,1,4,100.0,100.0,40.0,0.5792100873875394,5.122371391304347
DQN Equilibrado,R028,21.174602582733023,43,10,96.0,90.66666666666666,54.666666666666664,0.5773150657605095,14.373221217391304
DQN Equilibrado,R029,18.553439798065913,37,5,78.66666666666666,72.0,66.66666666666666,1.0838842741148866,10.550556
DQN Equilibrado,R030,24.063662960670257,18,11,100.0,100.0,100.0,0.24139331968743985,8.282441304347827
DQN Equilibrado,R031,20.338950014931505,5,7,72.0,58.666666666666664,30.666666666666664,1.2987918026323129,1.4016439130434784
DQN Equilibrado,R032,20.744141036834034,30,6,89.33333333333333,81.33333333333333,77.33333333333333,0.5224808413683835,10.142805043478262
DQN Equilibrado,R033,24.206947077588367,26,5,100.0,100.0,100.0,0.12369009390457165,11.72284
DQN Equilibrado,R034,24.42572014344169,32,5,100.0,100.0,100.0,0.1738103760954573,14.143861304347826
DQN Equilibrado,R035,30.25420509193806,21,4,100.0,100.0,98.66666666666667,0.2163620747933246,15.876802869565218
DQN Equilibrado,R036,30.65665695565702,23,4,100.0,100.0,98.66666666666667,0.22711026133625917,17.049086869565222
DQN Equilibrado,R037,28.75903264293315,17,14,92.0,88.0,86.66666666666667,0.4708731245166327,13.07351504347826
DQN Equilibrado,R038,19.555635593786324,39,18,85.33333333333334,78.66666666666666,69.33333333333334,0.7725532440805974,11.467995652173913
DQN Equilibrado,R039,20.237429682093513,15,2,81.33333333333333,70.66666666666667,65.33333333333333,0.8564505119199807,4.587198260869565
DQN Equilibrado,R040,26.506964279407548,35,12,98.66666666666667,94.66666666666667,89.33333333333333,0.30709672615292205,17.100055739130436
DQN Equilibrado,R041,26.786954090659687,4,4,100.0,100.0,58.666666666666664,0.4655187145815642,6.396593130434782
DQN Equilibrado,R042,20.21879632755969,26,16,88.0,80.0,76.0,0.5887519298054261,7.492423826086956
DQN Equilibrado,R043,17.374817986265427,38,21,76.0,70.66666666666667,62.66666666666667,1.2827200103542402,10.627009304347826
DQN Equilibrado,R044,23.287804486179862,12,14,100.0,100.0,96.0,0.1866611530559819,5.733997826086957
DQN Equilibrado,R045,21.322793571147038,31,4,94.66666666666667,86.66666666666667,82.66666666666667,0.3954560208947007,10.652493739130435
DQN Equilibrado,R046,16.165106172522695,13,5,48.0,38.666666666666664,30.666666666666664,2.808915248645027,1.1467995652173912
DQN Equilibrado,R047,30.790011539118083,40,23,100.0,100.0,92.0,0.2579859586794945,22.885022434782613
DQN Equilibrado,R048,23.51046983424874,26,9,100.0,100.0,98.66666666666667,0.13659741475036932,10.627009304347826
DQN Equilibrado,R049,20.691100381558552,31,23,90.66666666666666,82.66666666666667,78.66666666666666,0.4868340880457636,10.270227217391305
DQN Equilibrado,R050,16.989444289519348,17,9,60.0,52.0,48.0,2.0348959268483173,2.038754782608696
DQN Equilibrado,R051,18.866690356984265,7,5,61.33333333333333,49.333333333333336,29.333333333333332,1.8013011364907618,1.1467995652173912
DQN Equilibrado,R052,29.260133557681602,21,4,100.0,100.0,98.66666666666667,0.21515462898113147,14.908394347826087
DQN Equilibrado,R053,25.38486623094757,43,8,100.0,98.66666666666667,73.33333333333333,0.3701208781162487,19.06235721739131
DQN Equilibrado,R054,24.623789263670066,2,8,100.0,100.0,53.333333333333336,0.49780243194200124,3.6952430434782606
DQN Equilibrado,R055,20.806268459833934,5,6,77.33333333333333,64.0,36.0,1.087745444466844,1.783910434782609
DQN Equilibrado,R056,17.45148196606189,15,11,64.0,54.666666666666664,49.333333333333336,1.7999956943488602,1.9113326086956521
DQN Equilibrado,R057,31.016829206747424,40,22,100.0,100.0,92.0,0.2583503115592246,23.1398667826087
DQN Equilibrado,R058,16.46552327276102,44,22,76.0,70.66666666666667,42.66666666666667,1.4082007452938148,12.258013130434783
DQN Equilibrado,R059,18.065917001251965,30,17,73.33333333333333,62.66666666666667,57.333333333333336,1.296580452204114,7.517908260869565
DQN Equilibrado,R060,31.240852614844812,34,4,100.0,100.0,98.66666666666667,0.1603517781138844,21.891129478260876
DQN Equilibrado,R061,21.634874727535795,36,9,98.66666666666667,90.66666666666666,84.0,0.3823385365842783,12.283497565217392
DQN Equilibrado,R062,21.896432280461248,30,12,100.0,93.33333333333333,86.66666666666667,0.2661329856041521,10.117320608695652
DQN Equilibrado,R063,16.152898465312617,45,10,73.33333333333333,66.66666666666666,41.333333333333336,1.7130577262936397,10.168289478260869
DQN Equilibrado,R064,30.920181401697484,0,2,100.0,100.0,37.333333333333336,0.609792362679329,9.097943217391304
DQN Equilibrado,R065,24.229441896786625,39,11,100.0,100.0,93.33333333333333,0.27732225381886894,15.723896260869566
DQN Equilibrado,R066,29.30371533543771,12,23,100.0,100.0,94.66666666666667,0.19078659795219488,11.162182434782608
DQN Equilibrado,R067,28.020639507804233,2,6,100.0,97.33333333333334,45.33333333333333,0.5544334772235857,7.390486086956521
DQN Equilibrado,R068,27.391926107987587,1,8,97.33333333333334,92.0,46.666666666666664,0.6249587641209683,6.294655391304348
DQN Equilibrado,R069,29.05817321293346,17,16,90.66666666666666,88.0,86.66666666666667,0.4869825288763129,13.200937217391303
DQN Equilibrado,R070,32.61804447646341,19,20,88.0,88.0,88.0,0.9026856636132792,16.87069582608696
DQN Equilibrado,R071,16.783836248981082,44,6,72.0,65.33333333333333,38.666666666666664,1.6905821505381595,11.54444895652174
DQN Equilibrado,R072,30.66064866071436,3,14,88.0,84.0,46.666666666666664,0.9807004585837182,10.346680521739131
DQN Equilibrado,R073,21.852385294246545,40,1,98.66666666666667,90.66666666666666,81.33333333333333,0.43470109868428475,14.500643391304347
DQN Equilibrado,R074,28.96883538969567,30,0,100.0,100.0,98.66666666666667,0.16396425001280723,17.329415652173914
DQN Equilibrado,R075,17.578340167065313,37,23,76.0,70.66666666666667,65.33333333333333,1.1738470704268225,10.295711652173914
DQN Equilibrado,R076,29.192222312887708,15,20,92.0,89.33333333333333,88.0,0.4315195841413914,12.410919739130435
DQN Equilibrado,R077,24.11169027697438,27,4,100.0,100.0,100.0,0.0905542845992358,11.850262173913043
DQN Equilibrado,R078,25.077614459467817,25,10,100.0,100.0,97.33333333333334,0.2065344676534241,11.799293304347827
DQN Equilibrado,R079,18.771503142288097,20,3,72.0,64.0,60.0,1.1984258408979804,5.224309130434783
DQN Equilibrado,R080,20.38855286153897,32,22,89.33333333333333,81.33333333333333,78.66666666666666,0.5405173991453159,10.72894704347826
DQN Equilibrado,R081,32.775718011409566,5,16,82.66666666666667,80.0,60.0,1.2720731571219681,13.07351504347826
DQN Equilibrado,R082,28.29367602730619,22,17,93.33333333333333,89.33333333333333,88.0,0.39475854676639854,13.838048086956523
DQN Equilibrado,R083,24.79572381474744,18,4,100.0,100.0,98.66666666666667,0.2558601304105879,9.046974347826087
DQN Equilibrado,R084,30.91998551776868,30,21,94.66666666666667,94.66666666666667,94.66666666666667,0.45660984059466936,19.164294956521744
DQN Equilibrado,R085,28.062087397422893,40,22,100.0,100.0,89.33333333333333,0.2636991806347607,20.209156782608698
DQN Equilibrado,R086,32.659968726790204,26,12,77.33333333333333,74.66666666666667,70.66666666666667,1.293387696423392,19.928828000000003
DQN Equilibrado,R087,28.878681618294404,12,14,92.0,88.0,78.66666666666666,0.5570476042677056,11.72284
DQN Equilibrado,R088,17.953114159578913,2,7,42.66666666666667,28.000000000000004,16.0,2.7433265944364296,0.0
DQN Equilibrado,R089,17.15147625800826,34,21,73.33333333333333,66.66666666666666,61.33333333333333,1.3203737891559857,8.868583304347826
DQN Equilibrado,R090,16.375196780873626,32,12,69.33333333333334,62.66666666666667,57.333333333333336,1.6770062811692263,5.810451130434783
DQN Equilibrado,R091,19.019405810342416,18,3,73.33333333333333,64.0,60.0,1.1611018781100673,4.714620434782608
DQN Equilibrado,R092,18.819356161102448,23,21,76.0,68.0,62.66666666666667,1.0951493934596583,6.320139826086956
DQN Equilibrado,R093,24.40599213484399,29,8,100.0,100.0,97.33333333333334,0.18697324944077218,12.716732956521739
DQN Equilibrado,R094,32.986567039989566,31,13,76.0,72.0,68.0,1.483435535980877,22.145973826086966
DQN Equilibrado,R095,21.15662913529142,14,8,89.33333333333333,78.66666666666666,73.33333333333333,0.5834744313820142,4.587198260869565
DQN Equilibrado,R096,27.829736926905802,34,2,100.0,100.0,98.66666666666667,0.16340341278311926,17.660713304347826
DQN Equilibrado,R097,28.889760198869006,31,21,94.66666666666667,94.66666666666667,94.66666666666667,0.3603326115649352,17.533291130434787
DQN Equilibrado,R098,24.07722946120964,9,10,100.0,100.0,89.33333333333333,0.23222106123788397,5.224309130434783
DQN Equilibrado,R099,18.432951145570694,23,10,74.66666666666667,68.0,62.66666666666667,1.165182286245851,5.096886956521739
DQN Equilibrado,R100,28.994998804445792,37,9,89.33333333333333,85.33333333333334,82.66666666666667,0.6378643767516488,20.43851669565218
DQN Equilibrado,R101,26.53882646688087,45,1,100.0,100.0,72.0,0.3658194268736597,20.489485565217393
DQN Equilibrado,R102,19.73533135387115,44,4,88.0,81.33333333333333,52.0,0.8396638319462484,14.65355
DQN Equilibrado,R103,32.679949550163656,36,1,100.0,100.0,98.66666666666667,0.19430679058314007,23.394711130434786
DQN Equilibrado,R104,19.660414442193613,43,0,88.0,81.33333333333333,60.0,0.8006704899232647,14.194830173913044
DQN Equilibrado,R105,26.872099278752515,15,15,97.33333333333334,94.66666666666667,93.33333333333333,0.2711101491937487,10.397649391304347
DQN Equilibrado,R106,21.873865525555722,36,0,98.66666666666667,90.66666666666666,85.33333333333334,0.3706306797050569,12.997061739130434
DQN Equilibrado,R107,23.39517755283422,41,4,100.0,100.0,85.33333333333334,0.30980721455747573,16.310038260869565
DQN Equilibrado,R108,23.254312003757647,28,8,100.0,100.0,97.33333333333334,0.15478230165474258,10.958306956521739
DQN Equilibrado,R109,19.758467720036144,32,20,84.0,76.0,72.0,0.7630057823209679,9.964414
DQN Equilibrado,R110,27.774455842445732,22,11,94.66666666666667,92.0,88.0,0.3814731911049534,13.838048086956523
DQN Equilibrado,R111,22.794650322737745,40,2,100.0,97.33333333333334,84.0,0.32328082801780095,15.46905191304348
DQN Equilibrado,R112,26.251655379624534,13,12,100.0,96.0,85.33333333333334,0.3605942281848201,8.97052104347826
DQN Equilibrado,R113,31.391478120742825,38,23,100.0,100.0,97.33333333333334,0.21175814421031058,22.5537247826087
DQN Equilibrado,R114,29.76311994803745,45,20,88.0,88.0,62.66666666666667,0.7930719560702618,23.82794652173914
DQN Equilibrado,R115,24.42842534765121,33,8,100.0,100.0,97.33333333333334,0.17786159157707226,14.220314608695652
DQN Equilibrado,R116,24.142833293966795,39,12,100.0,100.0,96.0,0.26813005789818706,15.85131843478261
DQN Equilibrado,R117,29.90084550662727,4,3,100.0,100.0,58.666666666666664,0.4679504184922888,9.454725304347825
DQN Equilibrado,R118,26.209501214713725,15,21,100.0,97.33333333333334,94.66666666666667,0.15838975212155068,9.148912086956521
DQN Equilibrado,R119,19.781888312329706,22,6,78.66666666666666,70.66666666666667,66.66666666666666,0.9230522260452195,6.447562
DQN Equilibrado,R120,30.317648202981793,33,15,84.0,81.33333333333333,77.33333333333333,0.806792969427643,20.311094521739136
DQN Equilibrado,R121,32.41290402068458,28,15,78.66666666666666,74.66666666666667,72.0,1.249265047388477,20.64239217391305
DQN Equilibrado,R122,32.1386591734737,16,19,84.0,81.33333333333333,81.33333333333333,0.9196374939420694,15.800349565217392
DQN Equilibrado,R123,27.46935574387181,40,4,100.0,100.0,92.0,0.26270972352370764,20.2091567826087
DQN Equilibrado,R124,19.630064172390004,6,20,65.33333333333333,50.66666666666667,40.0,1.5106914021234488,1.6564882608695652
DQN Equilibrado,R125,21.676706848297933,34,16,98.66666666666667,92.0,86.66666666666667,0.3150330401355083,11.49348008695652
DQN Equilibrado,R126,23.401387220704393,1,11,100.0,100.0,64.0,0.4388853318288442,1.9113326086956521
DQN Equilibrado,R127,16.179775680514382,16,19,50.66666666666667,41.333333333333336,36.0,2.5673129548248155,2.8032878260869567
DQN Equilibrado,R128,21.29464089162247,26,8,94.66666666666667,85.33333333333334,80.0,0.4293623515669052,8.511801217391303
DQN Equilibrado,R129,17.217232321152526,35,14,74.66666666666667,68.0,58.666666666666664,1.368398267254915,7.823721478260869
DQN Equilibrado,R130,29.23640655745837,19,12,90.66666666666666,86.66666666666667,85.33333333333334,0.5854771020343841,14.373221217391306
DQN Equilibrado,R131,24.121068012395074,27,18,100.0,100.0,98.66666666666667,0.14222913894634673,11.34057347826087
DQN Equilibrado,R132,17.64429111375476,2,12,42.66666666666667,9.333333333333334,0.0,2.837202634414164,0.0
DQN Equilibrado,R133,28.731022172568156,20,8,92.0,89.33333333333333,88.0,0.5159271716753129,14.041923565217392
DQN Equilibrado,R134,30.894218097516948,1,10,88.0,85.33333333333334,41.333333333333336,1.0199644634386948,9.709569652173915
DQN Equilibrado,R135,17.97023870413611,43,23,80.0,74.66666666666667,49.333333333333336,1.1121933950012683,13.098999478260872
DQN Equilibrado,R136,23.75031245913905,4,18,100.0,100.0,92.0,0.30404945694273094,3.185554347826087
DQN Equilibrado,R137,17.3303044986966,27,19,66.66666666666666,58.666666666666664,53.333333333333336,1.6361686309029597,6.345624260869565
DQN Equilibrado,R138,18.584005505923223,31,2,77.33333333333333,70.66666666666667,64.0,1.0304793954237725,8.919552173913043
DQN Equilibrado,R139,20.699417141938664,1,10,80.0,66.66666666666666,40.0,1.0017336211099406,0.0
DQN Equilibrado,R140,24.24985653089488,1,10,100.0,100.0,66.66666666666666,0.4563283131306571,2.8032878260869567
DQN Equilibrado,R141,16.587171953459148,3,14,22.666666666666664,8.0,0.0,3.5730193786175217,0.0
DQN Equilibrado,R142,28.613307666948664,24,23,100.0,100.0,90.66666666666666,0.22691265567828153,14.577096695652175
DQN Equilibrado,R143,25.42071911813817,35,22,100.0,100.0,100.0,0.1658615795076841,15.316145304347828
DQN Equilibrado,R144,32.18342384974947,34,5,97.33333333333334,94.66666666666667,93.33333333333333,0.24938057591498478,22.757600260869573
DQN Equilibrado,R145,17.128458618422385,42,4,74.66666666666667,69.33333333333334,49.333333333333336,1.4760767737982519,11.671871130434782
DQN Equilibrado,R146,28.655368171943778,33,6,100.0,96.0,94.66666666666667,0.2005878261019897,18.909450608695657
DQN Equilibrado,R147,17.908051113770274,15,22,66.66666666666666,57.333333333333336,52.0,1.4702819560787626,3.3129765217391305
DQN Equilibrado,R148,27.621019667731012,18,22,100.0,100.0,100.0,0.13712835195210052,11.264120173913042
DQN Equilibrado,R149,21.601666170843085,30,4,96.0,88.0,84.0,0.3435203613483851,10.779915913043478
DQN Equilibrado,R150,18.325409063887165,27,22,77.33333333333333,69.33333333333334,65.33333333333333,1.056821118654777,7.288548347826087
DQN Passivo,R001,19.864712381941885,36,7,85.33333333333334,78.66666666666666,69.33333333333334,0.6938279361649169,11.060244695652173
DQN Passivo,R002,29.555212774656482,29,16,88.0,84.0,81.33333333333333,0.6829949757443459,17.558775565217392
DQN Passivo,R003,22.648862360232453,38,7,100.0,98.66666666666667,88.0,0.21799884750511808,14.092892434782609
DQN Passivo,R004,26.171248810982227,9,4,100.0,100.0,85.33333333333334,0.2448323311139452,7.466939391304347
DQN Passivo,R005,27.436852748248562,28,22,100.0,100.0,89.33333333333333,0.3027359929361972,14.577096695652175
DQN Passivo,R006,20.220177148702707,42,22,90.66666666666666,84.0,78.66666666666666,0.5338083811392419,13.532234869565217
DQN Passivo,R007,27.343036702706332,6,2,100.0,100.0,77.33333333333333,0.30326967527105464,7.365001652173913
DQN Passivo,R008,23.511274324852817,3,21,100.0,100.0,68.0,0.36610274657608805,2.8032878260869563
DQN Passivo,R009,27.856709497994373,9,7,96.0,89.33333333333333,65.33333333333333,0.49097015106351305,9.55666304347826
DQN Passivo,R010,28.47677877661113,35,5,100.0,100.0,89.33333333333333,0.20704671216658738,19.087841652173914
DQN Passivo,R011,17.38710768221754,18,3,62.66666666666667,53.333333333333336,48.0,1.8385300091427832,3.6952430434782606
DQN Passivo,R012,21.78170314422999,21,11,98.66666666666667,90.66666666666666,81.33333333333333,0.33546092628171514,7.263063913043477
DQN Passivo,R013,20.529157480943105,25,19,88.0,74.66666666666667,70.66666666666667,0.7248775079043639,7.288548347826087
DQN Passivo,R014,19.286004617921407,1,3,57.333333333333336,42.66666666666667,24.0,1.818141338268348,0.0
DQN Passivo,R015,17.55830077626391,5,14,38.666666666666664,20.0,12.0,2.676887037723888,0.25484434782608695
DQN Passivo,R016,30.53061237435802,30,14,84.0,80.0,78.66666666666666,0.8980732798987869,19.06235721739131
DQN Passivo,R017,31.84380213931172,29,17,81.33333333333333,77.33333333333333,76.0,1.106242102391382,19.97979686956522
DQN Passivo,R018,30.62937239568597,32,22,100.0,100.0,80.0,0.25959883408976053,19.21526382608696
DQN Passivo,R019,25.285162154400002,11,22,100.0,100.0,94.66666666666667,0.21601643252080965,6.62595304347826
DQN Passivo,R020,24.414794981340012,14,6,100.0,100.0,100.0,0.1363456567448409,7.645330434782608
DQN Passivo,R021,23.68023802707093,26,15,100.0,100.0,93.33333333333333,0.23806007498473997,9.760538521739129
DQN Passivo,R022,21.62514581793993,31,21,97.33333333333334,86.66666666666667,82.66666666666667,0.38597531698847226,10.525071565217392
DQN Passivo,R023,20.370260979701083,13,8,80.0,70.66666666666667,64.0,0.8898254999630173,3.5678208695652174
DQN Passivo,R024,20.400507776929764,38,8,89.33333333333333,84.0,74.66666666666667,0.5594396400269921,11.901231043478262
DQN Passivo,R025,16.08537967319124,1,15,16.0,0.0,0.0,4.174799905820655,0.0
DQN Passivo,R026,20.800506026227012,28,1,90.66666666666666,81.33333333333333,77.33333333333333,0.6140736007087577,8.894067739130435
DQN Passivo,R027,26.48609261335847,1,4,100.0,98.66666666666667,54.666666666666664,0.4981183999367577,5.045918086956521
DQN Passivo,R028,21.174602582733023,43,10,96.0,89.33333333333333,78.66666666666666,0.43948289174086314,13.583203739130434
DQN Passivo,R029,18.553439798065913,37,5,78.66666666666666,72.0,64.0,1.0207448724206392,10.219258347826086
DQN Passivo,R030,24.063662960670257,18,11,100.0,100.0,100.0,0.24918849146491903,8.40986347826087
DQN Passivo,R031,20.338950014931505,5,7,72.0,58.666666666666664,32.0,1.2853573940530496,1.4016439130434784
DQN Passivo,R032,20.744141036834034,30,6,89.33333333333333,81.33333333333333,76.0,0.5803939884997762,9.811507391304348
DQN Passivo,R033,24.206947077588367,26,5,100.0,100.0,96.0,0.2393046849409866,11.391542347826086
DQN Passivo,R034,24.42572014344169,32,5,100.0,100.0,94.66666666666667,0.22919475509548567,13.68514147826087
DQN Passivo,R035,30.25420509193806,21,4,100.0,100.0,48.0,0.48980834190170425,15.672927391304349
DQN Passivo,R036,30.65665695565702,23,4,100.0,100.0,60.0,0.4609020565202232,16.84521139130435
DQN Passivo,R037,28.75903264293315,17,14,92.0,88.0,60.0,0.6303335496010173,13.124483913043479
DQN Passivo,R038,19.555635593786324,39,18,85.33333333333334,78.66666666666666,70.66666666666667,0.7331986335946332,11.467995652173913
DQN Passivo,R039,20.237429682093513,15,2,81.33333333333333,70.66666666666667,65.33333333333333,0.900717709803824,4.587198260869565
DQN Passivo,R040,26.506964279407548,35,12,98.66666666666667,94.66666666666667,90.66666666666666,0.25857041631471633,16.310038260869565
DQN Passivo,R041,26.786954090659687,4,4,100.0,100.0,69.33333333333334,0.37703222124922425,6.396593130434782
DQN Passivo,R042,20.21879632755969,26,16,88.0,80.0,74.66666666666667,0.6197020382939684,7.161126173913043
DQN Passivo,R043,17.374817986265427,38,21,76.0,70.66666666666667,62.66666666666667,1.1975518261442972,10.295711652173914
DQN Passivo,R044,23.287804486179862,12,14,100.0,100.0,94.66666666666667,0.20317178382907153,5.988842173913042
DQN Passivo,R045,21.322793571147038,31,4,94.66666666666667,86.66666666666667,78.66666666666666,0.4638182071334312,10.321196086956522
DQN Passivo,R046,16.165106172522695,13,5,48.0,38.666666666666664,30.666666666666664,2.8123900885742756,1.1467995652173912
DQN Passivo,R047,30.790011539118083,40,23,100.0,100.0,98.66666666666667,0.18187298151006612,22.757600260869566
DQN Passivo,R048,23.51046983424874,26,9,100.0,100.0,100.0,0.26478093263582675,10.550556
DQN Passivo,R049,20.691100381558552,31,23,90.66666666666666,82.66666666666667,76.0,0.5485189999568154,9.938929565217391
DQN Passivo,R050,16.989444289519348,17,9,60.0,52.0,48.0,2.0299589743426636,2.1661769565217392
DQN Passivo,R051,18.866690356984265,7,5,61.33333333333333,49.333333333333336,29.333333333333332,1.8002723106819778,1.019377391304348
DQN Passivo,R052,29.260133557681602,21,4,100.0,100.0,49.333333333333336,0.4825503301150064,14.62806556521739
DQN Passivo,R053,25.38486623094757,43,8,100.0,98.66666666666667,93.33333333333333,0.2389635455124926,18.731059565217397
DQN Passivo,R054,24.623789263670066,2,8,100.0,100.0,69.33333333333334,0.39540454080739007,3.8226652173913043
DQN Passivo,R055,20.806268459833934,5,6,77.33333333333333,64.0,36.0,1.0690595554666908,1.7839104347826087
DQN Passivo,R056,17.45148196606189,15,11,64.0,54.666666666666664,49.333333333333336,1.795940798446746,2.038754782608696
DQN Passivo,R057,31.016829206747424,40,22,100.0,100.0,98.66666666666667,0.18415691183829339,22.681146956521744
DQN Passivo,R058,16.46552327276102,44,22,76.0,69.33333333333334,62.66666666666667,1.287014214122666,11.92671547826087
DQN Passivo,R059,18.065917001251965,30,17,73.33333333333333,62.66666666666667,57.333333333333336,1.314621056356261,7.186610608695653
DQN Passivo,R060,31.240852614844812,34,4,100.0,98.66666666666667,92.0,0.2302926941006733,21.559831826086963
DQN Passivo,R061,21.634874727535795,36,9,98.66666666666667,90.66666666666666,84.0,0.3250228934938802,12.079622086956523
DQN Passivo,R062,21.896432280461248,30,12,100.0,93.33333333333333,85.33333333333334,0.3529909687173061,9.58214747826087
DQN Passivo,R063,16.152898465312617,45,10,73.33333333333333,65.33333333333333,54.666666666666664,1.615276877665026,9.964414
DQN Passivo,R064,30.920181401697484,0,2,100.0,100.0,52.0,0.5367155151014219,9.097943217391304
DQN Passivo,R065,24.229441896786625,39,11,100.0,100.0,98.66666666666667,0.1606154023263602,15.392598608695653
DQN Passivo,R066,29.30371533543771,12,23,100.0,100.0,92.0,0.237763058447174,11.162182434782608
DQN Passivo,R067,28.020639507804233,2,6,100.0,92.0,58.666666666666664,0.5143892501095357,7.314032782608695
DQN Passivo,R068,27.391926107987587,1,8,97.33333333333334,92.0,56.00000000000001,0.5482488607112815,6.422077565217392
DQN Passivo,R069,29.05817321293346,17,16,90.66666666666666,88.0,86.66666666666667,0.5010928721364717,13.328359391304346
DQN Passivo,R070,32.61804447646341,19,20,88.0,88.0,88.0,0.944159726723184,16.74327365217391
DQN Passivo,R071,16.783836248981082,44,6,72.0,64.0,57.333333333333336,1.5850751653279118,11.213151304347825
DQN Passivo,R072,30.66064866071436,3,14,88.0,84.0,49.333333333333336,0.9395381146794868,10.474102695652174
DQN Passivo,R073,21.852385294246545,40,1,98.66666666666667,90.66666666666666,82.66666666666667,0.3338106791370211,14.169345739130435
DQN Passivo,R074,28.96883538969567,30,0,100.0,100.0,88.0,0.28496029441369486,16.87069582608696
DQN Passivo,R075,17.578340167065313,37,23,76.0,69.33333333333334,62.66666666666667,1.1226734483961036,10.091836173913045
DQN Passivo,R076,29.192222312887708,15,20,92.0,89.33333333333333,88.0,0.46161897869987417,12.410919739130435
DQN Passivo,R077,24.11169027697438,27,4,100.0,100.0,98.66666666666667,0.23314323743433865,11.391542347826086
DQN Passivo,R078,25.077614459467817,25,10,100.0,100.0,82.66666666666667,0.3115846671624987,11.799293304347826
DQN Passivo,R079,18.771503142288097,20,3,72.0,64.0,56.00000000000001,1.2216202894681778,5.224309130434783
DQN Passivo,R080,20.38855286153897,32,22,89.33333333333333,81.33333333333333,74.66666666666667,0.5856174345776459,9.938929565217393
DQN Passivo,R081,32.775718011409566,5,16,82.66666666666667,80.0,61.33333333333333,1.2080204967706072,13.200937217391303
DQN Passivo,R082,28.29367602730619,22,17,93.33333333333333,89.33333333333333,69.33333333333334,0.5088873144148855,13.761594782608695
DQN Passivo,R083,24.79572381474744,18,4,100.0,100.0,98.66666666666667,0.2575881653291498,9.046974347826087
DQN Passivo,R084,30.91998551776868,30,21,94.66666666666667,94.66666666666667,81.33333333333333,0.5844001557935432,18.705575130434784
DQN Passivo,R085,28.062087397422893,40,22,100.0,100.0,98.66666666666667,0.1786786027407599,19.750436956521742
DQN Passivo,R086,32.659968726790204,26,12,77.33333333333333,74.66666666666667,72.0,1.397506687344212,19.85237469565218
DQN Passivo,R087,28.878681618294404,12,14,92.0,88.0,77.33333333333333,0.562826462878031,11.850262173913043
DQN Passivo,R088,17.953114159578913,2,7,42.66666666666667,28.000000000000004,16.0,2.7433265944364296,0.0
DQN Passivo,R089,17.15147625800826,34,21,73.33333333333333,66.66666666666666,58.666666666666664,1.3302778874335717,8.537285652173914
DQN Passivo,R090,16.375196780873626,32,12,69.33333333333334,62.66666666666667,53.333333333333336,1.726670497895401,5.479153478260869
DQN Passivo,R091,19.019405810342416,18,3,73.33333333333333,64.0,60.0,1.2052144144908759,4.714620434782608
DQN Passivo,R092,18.819356161102448,23,21,76.0,68.0,56.00000000000001,1.1853687050335409,5.988842173913042
DQN Passivo,R093,24.40599213484399,29,8,100.0,100.0,89.33333333333333,0.28953440300461225,12.51285747826087
DQN Passivo,R094,32.986567039989566,31,13,76.0,72.0,69.33333333333334,1.5561407101085605,21.483378521739137
DQN Passivo,R095,21.15662913529142,14,8,89.33333333333333,78.66666666666666,72.0,0.6194140746585222,4.587198260869565
DQN Passivo,R096,27.829736926905802,34,2,100.0,100.0,93.33333333333333,0.21678279733018527,17.66071330434783
DQN Passivo,R097,28.889760198869006,31,21,94.66666666666667,94.66666666666667,84.0,0.4577980921634249,17.074571304347828
DQN Passivo,R098,24.07722946120964,9,10,100.0,100.0,89.33333333333333,0.20883822144721903,5.351731304347826
DQN Passivo,R099,18.432951145570694,23,10,74.66666666666667,68.0,56.00000000000001,1.238872521215523,5.224309130434783
DQN Passivo,R100,28.994998804445792,37,9,89.33333333333333,85.33333333333334,84.0,0.5493028974291158,20.107219043478267
DQN Passivo,R101,26.53882646688087,45,1,100.0,100.0,94.66666666666667,0.2209911545456892,20.285610086956524
DQN Passivo,R102,19.73533135387115,44,4,88.0,80.0,73.33333333333333,0.706098131139243,13.863532521739131
DQN Passivo,R103,32.679949550163656,36,1,100.0,100.0,93.33333333333333,0.19501492982651467,22.93599130434783
DQN Passivo,R104,19.660414442193613,43,0,88.0,80.0,73.33333333333333,0.6837748425219686,13.863532521739131
DQN Passivo,R105,26.872099278752515,15,15,97.33333333333334,94.66666666666667,68.0,0.40929713312586985,10.448618260869566
DQN Passivo,R106,21.873865525555722,36,0,98.66666666666667,90.66666666666666,85.33333333333334,0.3095234409859639,12.538341913043478
DQN Passivo,R107,23.39517755283422,41,4,100.0,100.0,97.33333333333334,0.18035960207922244,15.85131843478261
DQN Passivo,R108,23.254312003757647,28,8,100.0,100.0,98.66666666666667,0.2623125293311536,10.881853652173913
DQN Passivo,R109,19.758467720036144,32,20,84.0,76.0,72.0,0.7629440041804574,9.505694173913042
DQN Passivo,R110,27.774455842445732,22,11,94.66666666666667,92.0,60.0,0.5446738631956244,13.634172608695652
DQN Passivo,R111,22.794650322737745,40,2,100.0,97.33333333333334,90.66666666666666,0.22551552541361852,15.010332086956524
DQN Passivo,R112,26.251655379624534,13,12,100.0,96.0,84.0,0.3529887564030664,9.097943217391304
DQN Passivo,R113,31.391478120742825,38,23,100.0,100.0,98.66666666666667,0.1853306783123531,22.426302608695657
DQN Passivo,R114,29.76311994803745,45,20,88.0,88.0,85.33333333333334,0.659714157850911,23.36922669565218
DQN Passivo,R115,24.42842534765121,33,8,100.0,100.0,89.33333333333333,0.22914125615058703,14.016439130434785
DQN Passivo,R116,24.142833293966795,39,12,100.0,100.0,96.0,0.1741112050018602,15.392598608695653
DQN Passivo,R117,29.90084550662727,4,3,100.0,100.0,70.66666666666667,0.3793511261143443,9.454725304347825
DQN Passivo,R118,26.209501214713725,15,21,100.0,97.33333333333334,94.66666666666667,0.200650338636366,9.148912086956521
DQN Passivo,R119,19.781888312329706,22,6,78.66666666666666,70.66666666666667,62.66666666666667,0.9934770133047146,6.371108695652174
DQN Passivo,R120,30.317648202981793,33,15,84.0,81.33333333333333,77.33333333333333,0.8516857619755867,19.97979686956522
DQN Passivo,R121,32.41290402068458,28,15,78.66666666666666,74.66666666666667,73.33333333333333,1.324268063692785,19.97979686956522
DQN Passivo,R122,32.1386591734737,16,19,84.0,81.33333333333333,81.33333333333333,0.9710973857941544,15.800349565217392
DQN Passivo,R123,27.46935574387181,40,4,100.0,100.0,98.66666666666667,0.18261916545296983,19.75043695652174
DQN Passivo,R124,19.630064172390004,6,20,65.33333333333333,50.66666666666667,40.0,1.4881598733855224,1.6564882608695652
DQN Passivo,R125,21.676706848297933,34,16,98.66666666666667,92.0,85.33333333333334,0.3317994103694845,10.958306956521739
DQN Passivo,R126,23.401387220704393,1,11,100.0,100.0,69.33333333333334,0.40537038125317115,2.038754782608696
DQN Passivo,R127,16.179775680514382,16,19,50.66666666666667,41.333333333333336,33.33333333333333,2.611606116870983,2.8032878260869567
DQN Passivo,R128,21.29464089162247,26,8,94.66666666666667,85.33333333333334,78.66666666666666,0.5344282500375018,8.307925739130434
DQN Passivo,R129,17.217232321152526,35,14,74.66666666666667,68.0,64.0,1.3562297327886208,7.823721478260869
DQN Passivo,R130,29.23640655745837,19,12,90.66666666666666,86.66666666666667,53.333333333333336,0.7475633958567716,14.296767913043478
DQN Passivo,R131,24.121068012395074,27,18,100.0,100.0,100.0,0.2179891527160055,10.805400347826087
DQN Passivo,R132,17.64429111375476,2,12,42.66666666666667,9.333333333333334,0.0,2.837202634414164,0.0
DQN Passivo,R133,28.731022172568156,20,8,92.0,89.33333333333333,40.0,0.7271032536308704,13.838048086956523
DQN Passivo,R134,30.894218097516948,1,10,88.0,77.33333333333333,34.66666666666667,1.0778845276054665,9.633116347826087
DQN Passivo,R135,17.97023870413611,43,23,80.0,74.66666666666667,66.66666666666666,0.994334657053279,12.308982
DQN Passivo,R136,23.75031245913905,4,18,100.0,100.0,93.33333333333333,0.2299093418821854,3.3129765217391305
DQN Passivo,R137,17.3303044986966,27,19,66.66666666666666,58.666666666666664,53.333333333333336,1.6961174246065132,6.014326608695653
DQN Passivo,R138,18.584005505923223,31,2,77.33333333333333,70.66666666666667,61.33333333333333,1.107456080711899,8.129534695652174
DQN Passivo,R139,20.699417141938664,1,10,80.0,66.66666666666666,40.0,1.0017336211099406,0.0
DQN Passivo,R140,24.24985653089488,1,10,100.0,100.0,73.33333333333333,0.40694395269738265,2.8032878260869563
DQN Passivo,R141,16.587171953459148,3,14,22.666666666666664,8.0,0.0,3.5730193786175217,0.0
DQN Passivo,R142,28.613307666948664,24,23,100.0,100.0,80.0,0.40527774384715964,14.24579904347826
DQN Passivo,R143,25.42071911813817,35,22,100.0,100.0,93.33333333333333,0.2048817144366497,14.857425478260872
DQN Passivo,R144,32.18342384974947,34,5,97.33333333333334,94.66666666666667,86.66666666666667,0.3048507190295417,22.757600260869573
DQN Passivo,R145,17.128458618422385,42,4,74.66666666666667,68.0,60.0,1.3804501136287992,11.34057347826087
DQN Passivo,R146,28.655368171943778,33,6,100.0,96.0,90.66666666666666,0.2874522848076856,18.4507307826087
DQN Passivo,R147,17.908051113770274,15,22,66.66666666666666,57.333333333333336,52.0,1.5112841580601508,3.3129765217391305
DQN Passivo,R148,27.621019667731012,18,22,100.0,100.0,100.0,0.1461057170558415,11.264120173913042
DQN Passivo,R149,21.601666170843085,30,4,96.0,88.0,84.0,0.40811390222675725,10.321196086956522
DQN Passivo,R150,18.325409063887165,27,22,77.33333333333333,69.33333333333334,53.333333333333336,1.1678091102330876,6.9572506956521725
SAC Equilibrado,R001,19.864712381941885,36,7,80.0,72.0,56.00000000000001,0.9919220362918695,13.916786634135253
SAC Equilibrado,R002,29.555212774656482,29,16,85.33333333333334,66.66666666666666,18.666666666666668,1.1715753010953063,16.069365057805506
SAC Equilibrado,R003,22.648862360232453,38,7,98.66666666666667,96.0,78.66666666666666,0.39082056350470695,16.548962244771637
SAC Equilibrado,R004,26.171248810982227,9,4,100.0,81.33333333333333,49.333333333333336,0.5669673026322379,7.206956444068227
SAC Equilibrado,R005,27.436852748248562,28,22,100.0,90.66666666666666,40.0,0.6093964078027414,14.005294540685778
SAC Equilibrado,R006,20.220177148702707,42,22,86.66666666666667,62.66666666666667,52.0,0.9448753776349834,11.228026825469964
SAC Equilibrado,R007,27.343036702706332,6,2,100.0,96.0,57.333333333333336,0.4805568188226473,7.520542480017057
SAC Equilibrado,R008,23.511274324852817,3,21,42.66666666666667,17.333333333333336,6.666666666666667,2.0600796998441364,8.61725349711985
SAC Equilibrado,R009,27.856709497994373,9,7,93.33333333333333,60.0,25.333333333333336,0.9983233888935414,8.988705587978185
SAC Equilibrado,R010,28.47677877661113,35,5,97.33333333333334,93.33333333333333,52.0,0.567868105341234,21.14587390788197
SAC Equilibrado,R011,17.38710768221754,18,3,48.0,29.333333333333332,13.333333333333334,2.491730974701367,8.24171846993486
SAC Equilibrado,R012,21.78170314422999,21,11,80.0,61.33333333333333,48.0,1.0360196743650993,9.26454232575732
SAC Equilibrado,R013,20.529157480943105,25,19,64.0,49.333333333333336,21.333333333333336,1.48467251550299,8.955145510094086
SAC Equilibrado,R014,19.286004617921407,1,3,38.666666666666664,17.333333333333336,4.0,2.4753062551970677,4.94027335745211
SAC Equilibrado,R015,17.55830077626391,5,14,0.0,0.0,0.0,3.5362999802556208,3.2389167015192153
SAC Equilibrado,R016,30.53061237435802,30,14,66.66666666666666,50.66666666666667,28.000000000000004,1.6607137751395589,18.528105171891685
SAC Equilibrado,R017,31.84380213931172,29,17,73.33333333333333,68.0,34.66666666666667,1.612852348202063,18.536088547352776
SAC Equilibrado,R018,30.62937239568597,32,22,100.0,89.33333333333333,45.33333333333333,0.5558832105151008,17.569152809567854
SAC Equilibrado,R019,25.285162154400002,11,22,100.0,84.0,54.666666666666664,0.5550730110558358,6.008567561290517
SAC Equilibrado,R020,24.414794981340012,14,6,100.0,82.66666666666667,56.00000000000001,0.5701872321608222,7.733899073518289
SAC Equilibrado,R021,23.68023802707093,26,15,82.66666666666667,70.66666666666667,30.666666666666664,1.0583768606335078,10.59122850339719
SAC Equilibrado,R022,21.62514581793993,31,21,80.0,61.33333333333333,24.0,1.1361619318927092,11.779985341617254
SAC Equilibrado,R023,20.370260979701083,13,8,77.33333333333333,66.66666666666666,30.666666666666664,1.1401281529571483,4.433958209860519
SAC Equilibrado,R024,20.400507776929764,38,8,80.0,73.33333333333333,66.66666666666666,0.8795832976941912,14.122323484594702
SAC Equilibrado,R025,16.08537967319124,1,15,6.666666666666667,0.0,0.0,4.474886164924454,0.928061276546924
SAC Equilibrado,R026,20.800506026227012,28,1,82.66666666666667,64.0,20.0,1.131491310050038,12.131183111235545
SAC Equilibrado,R027,26.48609261335847,1,4,93.33333333333333,86.66666666666667,40.0,0.7088823878272745,10.23514447487726
SAC Equilibrado,R028,21.174602582733023,43,10,96.0,69.33333333333334,54.666666666666664,0.7468260185971117,11.564330348136625
SAC Equilibrado,R029,18.553439798065913,37,5,74.66666666666667,68.0,61.33333333333333,1.2265521769946865,13.201612220132386
SAC Equilibrado,R030,24.063662960670257,18,11,100.0,66.66666666666666,49.333333333333336,0.7259548601044248,8.73623793013382
SAC Equilibrado,R031,20.338950014931505,5,7,40.0,20.0,9.333333333333334,2.090223811378,6.846966193019596
SAC Equilibrado,R032,20.744141036834034,30,6,85.33333333333334,68.0,20.0,1.0184952149713427,13.16398917620478
SAC Equilibrado,R033,24.206947077588367,26,5,100.0,86.66666666666667,41.333333333333336,0.6048601160387792,14.887569861487716
SAC Equilibrado,R034,24.42572014344169,32,5,100.0,92.0,53.333333333333336,0.4851161226660063,16.670341438611416
SAC Equilibrado,R035,30.25420509193806,21,4,93.33333333333333,69.33333333333334,58.666666666666664,0.7288851316370423,18.595339421727207
SAC Equilibrado,R036,30.65665695565702,23,4,92.0,66.66666666666666,41.333333333333336,0.833655333424948,19.683686112344926
SAC Equilibrado,R037,28.75903264293315,17,14,90.66666666666666,77.33333333333333,48.0,0.8284014465123912,11.659367761514654
SAC Equilibrado,R038,19.555635593786324,39,18,70.66666666666667,54.666666666666664,49.333333333333336,1.2702317003806896,11.356274492344834
SAC Equilibrado,R039,20.237429682093513,15,2,76.0,65.33333333333333,48.0,1.107178760465803,6.184676940785989
SAC Equilibrado,R040,26.506964279407548,35,12,84.0,69.33333333333334,44.0,0.9599815655318102,16.429575919507585
SAC Equilibrado,R041,26.786954090659687,4,4,100.0,94.66666666666667,53.333333333333336,0.49604611249485536,8.22289733736061
SAC Equilibrado,R042,20.21879632755969,26,16,69.33333333333334,29.333333333333332,10.666666666666668,1.6514570723868092,7.6141405735429615
SAC Equilibrado,R043,17.374817986265427,38,21,70.66666666666667,64.0,61.33333333333333,1.4264984249831116,9.222381445898993
SAC Equilibrado,R044,23.287804486179862,12,14,100.0,96.0,64.0,0.43422684604456396,5.213387511519294
SAC Equilibrado,R045,21.322793571147038,31,4,92.0,74.66666666666667,25.333333333333336,0.8428966962453034,13.851089966604608
SAC Equilibrado,R046,16.165106172522695,13,5,28.000000000000004,14.666666666666666,5.333333333333334,3.579718669922953,6.116666304365065
SAC Equilibrado,R047,30.790011539118083,40,23,100.0,88.0,52.0,0.5725907300095916,18.902235652304373
SAC Equilibrado,R048,23.51046983424874,26,9,85.33333333333334,73.33333333333333,28.000000000000004,1.0000430770489863,13.50526064349917
SAC Equilibrado,R049,20.691100381558552,31,23,82.66666666666667,65.33333333333333,22.666666666666664,1.0781313535701031,12.442933235724098
SAC Equilibrado,R050,16.989444289519348,17,9,28.000000000000004,14.666666666666666,4.0,3.2385361262406294,6.701571486514672
SAC Equilibrado,R051,18.866690356984265,7,5,37.333333333333336,21.333333333333336,12.0,2.470513649115002,6.376943435319222
SAC Equilibrado,R052,29.260133557681602,21,4,96.0,73.33333333333333,61.33333333333333,0.6221541651836998,17.658578422664547
SAC Equilibrado,R053,25.38486623094757,43,8,100.0,70.66666666666667,34.66666666666667,0.7881532331143768,15.688787771677507
SAC Equilibrado,R054,24.623789263670066,2,8,86.66666666666667,84.0,40.0,0.886326433949057,9.203495202999466
SAC Equilibrado,R055,20.806268459833934,5,6,40.0,20.0,9.333333333333334,1.993617090581144,7.255678264145588
SAC Equilibrado,R056,17.45148196606189,15,11,22.666666666666664,6.666666666666667,0.0,3.0486452249234945,5.491902263873598
SAC Equilibrado,R057,31.016829206747424,40,22,100.0,90.66666666666666,49.333333333333336,0.5703436330190063,18.915840434340303
SAC Equilibrado,R058,16.46552327276102,44,22,73.33333333333333,48.0,34.66666666666667,1.7141046781320373,9.38888966690579
SAC Equilibrado,R059,18.065917001251965,30,17,50.66666666666667,41.333333333333336,13.333333333333334,2.164912656490738,7.887930667166158
SAC Equilibrado,R060,31.240852614844812,34,4,90.66666666666666,81.33333333333333,40.0,0.8745012788370569,23.40446481741644
SAC Equilibrado,R061,21.634874727535795,36,9,84.0,74.66666666666667,60.0,0.8391372080132254,14.174477889457966
SAC Equilibrado,R062,21.896432280461248,30,12,82.66666666666667,53.333333333333336,26.666666666666668,1.161207814016295,11.179486589350063
SAC Equilibrado,R063,16.152898465312617,45,10,58.666666666666664,37.333333333333336,24.0,2.4057033962107925,8.174088382188863
SAC Equilibrado,R064,30.920181401697484,0,2,85.33333333333334,73.33333333333333,49.333333333333336,0.8542391655686373,12.84996870807675
SAC Equilibrado,R065,24.229441896786625,39,11,96.0,88.0,65.33333333333333,0.5309953260694633,14.175517510237832
SAC Equilibrado,R066,29.30371533543771,12,23,100.0,73.33333333333333,42.66666666666667,0.6660668067066077,9.33189762787958
SAC Equilibrado,R067,28.020639507804233,2,6,93.33333333333333,84.0,48.0,0.6428846194443462,11.258276880982368
SAC Equilibrado,R068,27.391926107987587,1,8,84.0,66.66666666666666,18.666666666666668,1.1139118663331666,10.418715740349187
SAC Equilibrado,R069,29.05817321293346,17,16,90.66666666666666,56.00000000000001,30.666666666666664,1.018469296704424,11.176155445311863
SAC Equilibrado,R070,32.61804447646341,19,20,88.0,66.66666666666666,54.666666666666664,1.4460775366090148,14.85043021255948
SAC Equilibrado,R071,16.783836248981082,44,6,69.33333333333334,41.333333333333336,28.000000000000004,2.0187410446342287,9.364872933773427
SAC Equilibrado,R072,30.66064866071436,3,14,81.33333333333333,22.666666666666664,5.333333333333334,1.757863102630945,12.248629480956762
SAC Equilibrado,R073,21.852385294246545,40,1,89.33333333333333,81.33333333333333,58.666666666666664,0.7483501047692637,12.63693308883749
SAC Equilibrado,R074,28.96883538969567,30,0,100.0,88.0,38.666666666666664,0.5950528335301912,18.42973744201052
SAC Equilibrado,R075,17.578340167065313,37,23,72.0,65.33333333333333,61.33333333333333,1.324385852525019,10.910662567605705
SAC Equilibrado,R076,29.192222312887708,15,20,88.0,70.66666666666667,57.333333333333336,0.9003985548112519,10.838330254281683
SAC Equilibrado,R077,24.11169027697438,27,4,100.0,90.66666666666666,40.0,0.6297093358339461,15.003217128388373
SAC Equilibrado,R078,25.077614459467817,25,10,82.66666666666667,68.0,18.666666666666668,1.1364824159454543,14.003634065792912
SAC Equilibrado,R079,18.771503142288097,20,3,68.0,56.00000000000001,37.333333333333336,1.5747305485494163,9.188111234655874
SAC Equilibrado,R080,20.38855286153897,32,22,82.66666666666667,66.66666666666666,29.333333333333332,1.064839007679074,10.264480959017025
SAC Equilibrado,R081,32.775718011409566,5,16,61.33333333333333,44.0,20.0,2.0043718197119618,12.221781615738655
SAC Equilibrado,R082,28.29367602730619,22,17,89.33333333333333,62.66666666666667,26.666666666666668,0.9777647573203994,12.908515916908975
SAC Equilibrado,R083,24.79572381474744,18,4,100.0,80.0,72.0,0.4451830130061027,12.74467321461076
SAC Equilibrado,R084,30.91998551776868,30,21,94.66666666666667,81.33333333333333,37.333333333333336,0.915509505024894,17.797584849910407
SAC Equilibrado,R085,28.062087397422893,40,22,100.0,92.0,49.333333333333336,0.5593209672994908,16.433362182949228
SAC Equilibrado,R086,32.659968726790204,26,12,57.333333333333336,44.0,20.0,2.1895107692869353,20.84644901965182
SAC Equilibrado,R087,28.878681618294404,12,14,89.33333333333333,73.33333333333333,49.333333333333336,0.8603861751739025,10.525804233164775
SAC Equilibrado,R088,17.953114159578913,2,7,24.0,2.666666666666667,0.0,3.399563750392919,4.103119435762189
SAC Equilibrado,R089,17.15147625800826,34,21,68.0,56.00000000000001,36.0,1.698002926717461,9.177637387549908
SAC Equilibrado,R090,16.375196780873626,32,12,49.333333333333336,13.333333333333334,5.333333333333334,2.712338533085789,7.188651198527573
SAC Equilibrado,R091,19.019405810342416,18,3,65.33333333333333,52.0,40.0,1.5621005864518007,8.999776342353268
SAC Equilibrado,R092,18.819356161102448,23,21,70.66666666666667,61.33333333333333,36.0,1.451354459128751,6.883347373959609
SAC Equilibrado,R093,24.40599213484399,29,8,92.0,81.33333333333333,36.0,0.8217071724207511,15.682755332654065
SAC Equilibrado,R094,32.986567039989566,31,13,68.0,49.333333333333336,25.333333333333336,2.0459249316263595,20.932004124139368
SAC Equilibrado,R095,21.15662913529142,14,8,88.0,73.33333333333333,34.66666666666667,0.8891204046533596,5.2412748640865665
SAC Equilibrado,R096,27.829736926905802,34,2,100.0,92.0,46.666666666666664,0.5380458622614064,19.543186790564604
SAC Equilibrado,R097,28.889760198869006,31,21,94.66666666666667,85.33333333333334,42.66666666666667,0.7565033094845345,16.39506144171856
SAC Equilibrado,R098,24.07722946120964,9,10,100.0,78.66666666666666,41.333333333333336,0.6579117073026668,6.178427214320211
SAC Equilibrado,R099,18.432951145570694,23,10,38.666666666666664,16.0,0.0,2.4178876908659674,8.221194664447236
SAC Equilibrado,R100,28.994998804445792,37,9,73.33333333333333,65.33333333333333,52.0,1.1064776144229906,21.45213671903877
SAC Equilibrado,R101,26.53882646688087,45,1,92.0,50.66666666666667,18.666666666666668,1.016211096199734,16.345167333657344
SAC Equilibrado,R102,19.73533135387115,44,4,84.0,56.00000000000001,44.0,1.127792289533377,11.636256682241555
SAC Equilibrado,R103,32.679949550163656,36,1,97.33333333333334,92.0,57.333333333333336,0.5063489186415222,23.727297595716657
SAC Equilibrado,R104,19.660414442193613,43,0,84.0,58.666666666666664,45.33333333333333,1.0937168920430307,10.94936368716468
SAC Equilibrado,R105,26.872099278752515,15,15,97.33333333333334,82.66666666666667,40.0,0.654476207559512,8.698444785885979
SAC Equilibrado,R106,21.873865525555722,36,0,86.66666666666667,78.66666666666666,61.33333333333333,0.7661429483706774,14.60708685475479
SAC Equilibrado,R107,23.39517755283422,41,4,100.0,84.0,54.666666666666664,0.5388367551927086,14.176162651327465
SAC Equilibrado,R108,23.254312003757647,28,8,92.0,84.0,21.333333333333336,0.8904197919310431,14.400024375496608
SAC Equilibrado,R109,19.758467720036144,32,20,72.0,60.0,29.333333333333332,1.3767063461424462,10.751794315253957
SAC Equilibrado,R110,27.774455842445732,22,11,73.33333333333333,37.333333333333336,32.0,1.3764895294734865,14.875138410768116
SAC Equilibrado,R111,22.794650322737745,40,2,100.0,92.0,60.0,0.5147988363898613,14.26873938154731
SAC Equilibrado,R112,26.251655379624534,13,12,81.33333333333333,62.66666666666667,36.0,1.0569109905671674,8.461928402762839
SAC Equilibrado,R113,31.391478120742825,38,23,100.0,94.66666666666667,74.66666666666667,0.4007591502138155,20.32229300182039
SAC Equilibrado,R114,29.76311994803745,45,20,85.33333333333334,66.66666666666666,21.333333333333336,1.2117280666721493,18.88945531933154
SAC Equilibrado,R115,24.42842534765121,33,8,92.0,85.33333333333334,46.666666666666664,0.7338695399725976,16.670829330977917
SAC Equilibrado,R116,24.142833293966795,39,12,94.66666666666667,86.66666666666667,62.66666666666667,0.539613230204331,14.330077820192965
SAC Equilibrado,R117,29.90084550662727,4,3,90.66666666666666,74.66666666666667,34.66666666666667,0.891075742105532,9.19237438811913
SAC Equilibrado,R118,26.209501214713725,15,21,94.66666666666667,77.33333333333333,61.33333333333333,0.5848697137158645,8.23397204970167
SAC Equilibrado,R119,19.781888312329706,22,6,74.66666666666667,65.33333333333333,46.666666666666664,1.1933679919824862,10.001759775750898
SAC Equilibrado,R120,30.317648202981793,33,15,82.66666666666667,57.333333333333336,18.666666666666668,1.377663189155596,18.436076099194445
SAC Equilibrado,R121,32.41290402068458,28,15,72.0,64.0,12.0,1.8115248961048291,18.396153693007346
SAC Equilibrado,R122,32.1386591734737,16,19,81.33333333333333,60.0,46.666666666666664,1.6449651531081464,13.41490292857354
SAC Equilibrado,R123,27.46935574387181,40,4,100.0,85.33333333333334,50.66666666666667,0.5952163905901247,18.445523180897077
SAC Equilibrado,R124,19.630064172390004,6,20,37.333333333333336,21.333333333333336,12.0,2.2365169407420162,3.6613655554504776
SAC Equilibrado,R125,21.676706848297933,34,16,84.0,42.66666666666667,16.0,1.27026964960837,11.592249093746918
SAC Equilibrado,R126,23.401387220704393,1,11,66.66666666666666,64.0,30.666666666666664,1.3803701057833868,7.186870920414105
SAC Equilibrado,R127,16.179775680514382,16,19,45.33333333333333,28.000000000000004,22.666666666666664,2.9252547563419014,3.198446569881514
SAC Equilibrado,R128,21.29464089162247,26,8,85.33333333333334,65.33333333333333,17.333333333333336,1.0844836940799318,12.10546946901237
SAC Equilibrado,R129,17.217232321152526,35,14,54.666666666666664,28.000000000000004,10.666666666666668,2.2407861240937734,8.063273890677165
SAC Equilibrado,R130,29.23640655745837,19,12,88.0,56.00000000000001,45.33333333333333,1.0566392601367498,13.845140310734408
SAC Equilibrado,R131,24.121068012395074,27,18,82.66666666666667,73.33333333333333,33.33333333333333,1.0223414577329568,12.614551319296266
SAC Equilibrado,R132,17.64429111375476,2,12,0.0,0.0,0.0,3.576955391372407,2.662281558776561
SAC Equilibrado,R133,28.731022172568156,20,8,86.66666666666667,49.333333333333336,33.33333333333333,1.088417416011401,15.18042063229906
SAC Equilibrado,R134,30.894218097516948,1,10,52.0,28.000000000000004,0.0,2.805349701643948,11.140758293273791
SAC Equilibrado,R135,17.97023870413611,43,23,77.33333333333333,52.0,40.0,1.42850973683987,9.955196294413962
SAC Equilibrado,R136,23.75031245913905,4,18,38.666666666666664,18.666666666666668,12.0,2.0670890383379614,6.948592995145277
SAC Equilibrado,R137,17.3303044986966,27,19,60.0,50.66666666666667,20.0,2.1128426436440884,7.230697289876355
SAC Equilibrado,R138,18.584005505923223,31,2,73.33333333333333,57.333333333333336,24.0,1.4939697684438162,11.958102476146959
SAC Equilibrado,R139,20.699417141938664,1,10,44.0,21.333333333333336,10.666666666666668,2.102578473756651,5.331535101857667
SAC Equilibrado,R140,24.24985653089488,1,10,74.66666666666667,72.0,56.00000000000001,1.1253270792077603,8.119856703529827
SAC Equilibrado,R141,16.587171953459148,3,14,0.0,0.0,0.0,4.049898246298474,1.9621555457880187
SAC Equilibrado,R142,28.613307666948664,24,23,100.0,81.33333333333333,41.333333333333336,0.5957622206662575,16.09981223955273
SAC Equilibrado,R143,25.42071911813817,35,22,100.0,100.0,64.0,0.38866716105650057,13.992444300075752
SAC Equilibrado,R144,32.18342384974947,34,5,85.33333333333334,76.0,34.66666666666667,1.1058389479802404,24.642250501029476
SAC Equilibrado,R145,17.128458618422385,42,4,70.66666666666667,48.0,37.333333333333336,1.7366172944899154,9.30873308252573
SAC Equilibrado,R146,28.655368171943778,33,6,93.33333333333333,84.0,40.0,0.7256404513308979,21.20707766629336
SAC Equilibrado,R147,17.908051113770274,15,22,56.00000000000001,36.0,29.333333333333332,2.020868946115638,7.447866969917813
SAC Equilibrado,R148,27.621019667731012,18,22,100.0,80.0,68.0,0.46857877258391684,10.279099042808465
SAC Equilibrado,R149,21.601666170843085,30,4,94.66666666666667,76.0,22.666666666666664,0.8233930742977731,13.795399841468598
SAC Equilibrado,R150,18.325409063887165,27,22,72.0,56.00000000000001,22.666666666666664,1.522862187097083,7.920147624193637
PI sintonizado,R001,19.864712381941885,36,7,85.33333333333334,78.66666666666666,73.33333333333333,0.641712111145742,10.415609174034152
PI sintonizado,R002,29.555212774656482,29,16,88.0,84.0,80.0,0.5786311775565246,17.343826070727868
PI sintonizado,R003,22.648862360232453,38,7,100.0,98.66666666666667,93.33333333333333,0.1281188148309533,13.22244636429696
PI sintonizado,R004,26.171248810982227,9,4,100.0,100.0,100.0,0.040880619297794234,8.526353610512292
PI sintonizado,R005,27.436852748248562,28,22,100.0,100.0,100.0,0.0639212573827507,14.707997246457552
PI sintonizado,R006,20.220177148702707,42,22,90.66666666666666,84.0,81.33333333333333,0.4318140819096523,12.217621366113601
PI sintonizado,R007,27.343036702706332,6,2,100.0,100.0,100.0,0.0378886855991379,8.679260219207944
PI sintonizado,R008,23.511274324852817,3,21,100.0,100.0,88.0,0.16258810664115741,3.6952430434782606
PI sintonizado,R009,27.856709497994373,9,7,96.0,93.33333333333333,90.66666666666666,0.2184328179831114,10.616077262686204
PI sintonizado,R010,28.47677877661113,35,5,100.0,100.0,100.0,0.05130211321071343,18.36306148746518
PI sintonizado,R011,17.38710768221754,18,3,62.66666666666667,53.333333333333336,49.333333333333336,1.753289263287436,4.0920619583383795
PI sintonizado,R012,21.78170314422999,21,11,98.66666666666667,90.66666666666666,82.66666666666667,0.273252024579561,7.080981530822331
PI sintonizado,R013,20.529157480943105,25,19,88.0,74.66666666666667,70.66666666666667,0.610904724580596,7.423140237374348
PI sintonizado,R014,19.286004617921407,1,3,57.333333333333336,42.66666666666667,36.0,1.724540200654182,0.7645330434782609
PI sintonizado,R015,17.55830077626391,5,14,38.666666666666664,20.0,12.0,2.679359824758574,0.12742217391304347
PI sintonizado,R016,30.53061237435802,30,14,84.0,80.0,76.0,0.8044045508070414,18.705433155867752
PI sintonizado,R017,31.84380213931172,29,17,81.33333333333333,77.33333333333333,73.33333333333333,1.0318332767403826,19.764847375075696
PI sintonizado,R018,30.62937239568597,32,22,100.0,100.0,100.0,0.06231491517046521,19.014795737434905
PI sintonizado,R019,25.285162154400002,11,22,100.0,100.0,97.33333333333334,0.0680264331380287,7.685367262686205
PI sintonizado,R020,24.414794981340012,14,6,100.0,100.0,100.0,0.04384798906613753,8.184123916676759
PI sintonizado,R021,23.68023802707093,26,15,100.0,100.0,97.33333333333334,0.08817212982268983,10.11355828266925
PI sintonizado,R022,21.62514581793993,31,21,97.33333333333334,86.66666666666667,82.66666666666667,0.30058975878944644,10.088002860603122
PI sintonizado,R023,20.370260979701083,13,8,80.0,70.66666666666667,60.0,0.8138297222963569,4.219484132251423
PI sintonizado,R024,20.400507776929764,38,8,89.33333333333333,84.0,77.33333333333333,0.4854729303129305,10.58668852731016
PI sintonizado,R025,16.08537967319124,1,15,16.0,0.0,0.0,4.174799905820655,0.0
PI sintonizado,R026,20.800506026227012,28,1,90.66666666666666,81.33333333333333,77.33333333333333,0.4673535896480906,8.995863503693833
PI sintonizado,R027,26.48609261335847,1,4,100.0,100.0,100.0,0.03930197747495456,6.549499739130435
PI sintonizado,R028,21.174602582733023,43,10,96.0,90.66666666666666,85.33333333333334,0.2892669544146738,12.487018107060676
PI sintonizado,R029,18.553439798065913,37,5,78.66666666666666,72.0,69.33333333333334,0.9554504496069043,9.778498304468936
PI sintonizado,R030,24.063662960670257,18,11,100.0,100.0,96.0,0.09000250832854605,8.340650876831779
PI sintonizado,R031,20.338950014931505,5,7,72.0,58.666666666666664,52.0,1.1125728078979757,2.2935991304347825
PI sintonizado,R032,20.744141036834034,30,6,89.33333333333333,81.33333333333333,77.33333333333333,0.48826926768564977,9.549209378708973
PI sintonizado,R033,24.206947077588367,26,5,100.0,100.0,100.0,0.051315850457875595,11.402332414920672
PI sintonizado,R034,24.42572014344169,32,5,100.0,100.0,100.0,0.051704976044494894,13.218897000121109
PI sintonizado,R035,30.25420509193806,21,4,100.0,100.0,100.0,0.041014610354875455,16.171613058011385
PI sintonizado,R036,30.65665695565702,23,4,100.0,100.0,100.0,0.0477410678136196,17.154573972871503
PI sintonizado,R037,28.75903264293315,17,14,92.0,88.0,82.66666666666667,0.4121510037509096,13.117172222841225
PI sintonizado,R038,19.555635593786324,39,18,85.33333333333334,78.66666666666666,72.0,0.6503372464598416,10.062447438537
PI sintonizado,R039,20.237429682093513,15,2,81.33333333333333,70.66666666666667,65.33333333333333,0.7920977912964146,4.998569568850671
PI sintonizado,R040,26.506964279407548,35,12,98.66666666666667,94.66666666666667,89.33333333333333,0.19123184906986068,15.632606614266681
PI sintonizado,R041,26.786954090659687,4,4,100.0,100.0,100.0,0.03759443488665961,7.772752608695652
PI sintonizado,R042,20.21879632755969,26,16,88.0,80.0,74.66666666666667,0.5676064499735543,7.124638710185296
PI sintonizado,R043,17.374817986265427,38,21,76.0,70.66666666666667,66.66666666666666,1.1215084037895569,9.26880960881676
PI sintonizado,R044,23.287804486179862,12,14,100.0,100.0,93.33333333333333,0.12068273642859116,5.861419999999999
PI sintonizado,R045,21.322793571147038,31,4,94.66666666666667,86.66666666666667,82.66666666666667,0.34270040119575035,10.34284720842921
PI sintonizado,R046,16.165106172522695,13,5,48.0,38.666666666666664,33.33333333333333,2.7443274466022856,1.7839104347826087
PI sintonizado,R047,30.790011539118083,40,23,100.0,100.0,100.0,0.05910553282142317,21.526680764684514
PI sintonizado,R048,23.51046983424874,26,9,100.0,100.0,96.0,0.09583124334937347,10.000688501877192
PI sintonizado,R049,20.691100381558552,31,23,90.66666666666666,82.66666666666667,78.66666666666666,0.4535413815734067,9.81860611965605
PI sintonizado,R050,16.989444289519348,17,9,60.0,52.0,44.0,2.0331165087994045,2.2935991304347825
PI sintonizado,R051,18.866690356984265,7,5,61.33333333333333,49.333333333333336,44.0,1.6536590378683336,2.0387547826086956
PI sintonizado,R052,29.260133557681602,21,4,100.0,100.0,100.0,0.046098075804045825,15.174099750030278
PI sintonizado,R053,25.38486623094757,43,8,100.0,98.66666666666667,94.66666666666667,0.1033997365561763,16.528040208550323
PI sintonizado,R054,24.623789263670066,2,8,100.0,100.0,92.0,0.091621059373712,5.045918086956522
PI sintonizado,R055,20.806268459833934,5,6,77.33333333333333,64.0,57.333333333333336,0.8901892406249555,2.675865652173913
PI sintonizado,R056,17.45148196606189,15,11,64.0,54.666666666666664,44.0,1.788639888083851,2.038754782608696
PI sintonizado,R057,31.016829206747424,40,22,100.0,100.0,100.0,0.056257438038218054,21.44660710887732
PI sintonizado,R058,16.46552327276102,44,22,76.0,70.66666666666667,68.0,1.1494833612659403,10.502923532760082
PI sintonizado,R059,18.065917001251965,30,17,73.33333333333333,62.66666666666667,57.333333333333336,1.2640580789681746,6.829686547172097
PI sintonizado,R060,31.240852614844812,34,4,100.0,100.0,100.0,0.05255840887171724,20.82049926825724
PI sintonizado,R061,21.634874727535795,36,9,98.66666666666667,90.66666666666666,85.33333333333334,0.25626127400198406,10.939850262807314
PI sintonizado,R062,21.896432280461248,30,12,100.0,93.33333333333333,86.66666666666667,0.2163086364454736,9.64752676638004
PI sintonizado,R063,16.152898465312617,45,10,73.33333333333333,68.0,62.66666666666667,1.4847044171627042,9.028517654111663
PI sintonizado,R064,30.920181401697484,0,2,100.0,100.0,100.0,0.038977998686315185,10.539623958338378
PI sintonizado,R065,24.229441896786625,39,11,100.0,100.0,97.33333333333334,0.09339305485912386,14.15805876105123
PI sintonizado,R066,29.30371533543771,12,23,100.0,100.0,100.0,0.06228725255033562,12.28349756521739
PI sintonizado,R067,28.020639507804233,2,6,100.0,98.66666666666667,97.33333333333334,0.0649642011511719,8.704744653990552
PI sintonizado,R068,27.391926107987587,1,8,97.33333333333334,94.66666666666667,85.33333333333334,0.21418375431859252,7.736336132251424
PI sintonizado,R069,29.05817321293346,17,16,90.66666666666666,88.0,82.66666666666667,0.45324979184488656,13.513991137701344
PI sintonizado,R070,32.61804447646341,19,20,88.0,88.0,86.66666666666667,0.8133307176818186,17.47863092212668
PI sintonizado,R071,16.783836248981082,44,6,72.0,66.66666666666666,64.0,1.4438601698008522,10.248079184933996
PI sintonizado,R072,30.66064866071436,3,14,88.0,84.0,74.66666666666667,0.679274366007029,11.136698
PI sintonizado,R073,21.852385294246545,40,1,98.66666666666667,90.66666666666666,88.0,0.23360919386754414,12.98215440959186
PI sintonizado,R074,28.96883538969567,30,0,100.0,100.0,100.0,0.05598750700493326,16.957868210245856
PI sintonizado,R075,17.578340167065313,37,23,76.0,70.66666666666667,68.0,1.049915580239135,9.50910156352186
PI sintonizado,R076,29.192222312887708,15,20,92.0,89.33333333333333,85.33333333333334,0.40421603353971075,12.898744351459367
PI sintonizado,R077,24.11169027697438,27,4,100.0,100.0,100.0,0.06240132213893375,11.445989594283638
PI sintonizado,R078,25.077614459467817,25,10,100.0,100.0,96.0,0.09545226949303791,11.300394675790239
PI sintonizado,R079,18.771503142288097,20,3,72.0,64.0,60.0,1.1606123751365702,5.4099408768317785
PI sintonizado,R080,20.38855286153897,32,22,89.33333333333333,81.33333333333333,78.66666666666666,0.47663213069827665,9.720288731984983
PI sintonizado,R081,32.775718011409566,5,16,82.66666666666667,80.0,70.66666666666667,1.0861210502726528,13.688761829720237
PI sintonizado,R082,28.29367602730619,22,17,93.33333333333333,89.33333333333333,85.33333333333334,0.3413644954937683,14.1183058822817
PI sintonizado,R083,24.79572381474744,18,4,100.0,100.0,100.0,0.05239699236333152,9.691325920310039
PI sintonizado,R084,30.91998551776868,30,21,94.66666666666667,94.66666666666667,94.66666666666667,0.3757925099297661,18.727226251907474
PI sintonizado,R085,28.062087397422893,40,22,100.0,100.0,98.66666666666667,0.06100905326527202,18.501344715756325
PI sintonizado,R086,32.659968726790204,26,12,77.33333333333333,74.66666666666667,68.0,1.2831543621756865,19.87778814315127
PI sintonizado,R087,28.878681618294404,12,14,92.0,88.0,82.66666666666667,0.41921540283077,11.941267871381857
PI sintonizado,R088,17.953114159578913,2,7,42.66666666666667,28.000000000000004,16.0,2.7433265944364296,0.0
PI sintonizado,R089,17.15147625800826,34,21,73.33333333333333,66.66666666666666,64.0,1.2580533445154374,8.162117858786484
PI sintonizado,R090,16.375196780873626,32,12,69.33333333333334,62.66666666666667,56.00000000000001,1.6536818452690918,5.737547190262807
PI sintonizado,R091,19.019405810342416,18,3,73.33333333333333,64.0,60.0,1.1288616853823423,5.140544135884704
PI sintonizado,R092,18.819356161102448,23,21,76.0,68.0,62.66666666666667,1.0257857772602479,6.218131099673005
PI sintonizado,R093,24.40599213484399,29,8,100.0,100.0,96.0,0.09269623067075335,11.886465688506721
PI sintonizado,R094,32.986567039989566,31,13,76.0,72.0,65.33333333333333,1.4529570556615108,21.63252280440839
PI sintonizado,R095,21.15662913529142,14,8,89.33333333333333,78.66666666666666,66.66666666666666,0.5499597975483446,5.111439349642726
PI sintonizado,R096,27.829736926905802,34,2,100.0,100.0,100.0,0.053448227235983456,17.034250527310164
PI sintonizado,R097,28.889760198869006,31,21,94.66666666666667,94.66666666666667,93.33333333333333,0.27207896325394854,17.110774818941508
PI sintonizado,R098,24.07722946120964,9,10,100.0,100.0,94.66666666666667,0.09361149187883276,5.733997826086956
PI sintonizado,R099,18.432951145570694,23,10,74.66666666666667,68.0,60.0,1.1604942489662542,4.885699788058616
PI sintonizado,R100,28.994998804445792,37,9,89.33333333333333,85.33333333333334,81.33333333333333,0.4955298556098046,18.985619963909414
PI sintonizado,R101,26.53882646688087,45,1,100.0,100.0,100.0,0.06185207485920699,18.588588087198744
PI sintonizado,R102,19.73533135387115,44,4,88.0,81.33333333333333,78.66666666666666,0.5632227268643069,12.643545067215696
PI sintonizado,R103,32.679949550163656,36,1,100.0,100.0,100.0,0.05372054087710424,22.404154576238348
PI sintonizado,R104,19.660414442193613,43,0,88.0,81.33333333333333,78.66666666666666,0.5535178847508642,12.359595933147633
PI sintonizado,R105,26.872099278752515,15,15,97.33333333333334,94.66666666666667,88.0,0.198987449992289,10.554176351459367
PI sintonizado,R106,21.873865525555722,36,0,98.66666666666667,90.66666666666666,86.66666666666667,0.24572165359185036,11.860910266440595
PI sintonizado,R107,23.39517755283422,41,4,100.0,100.0,97.33333333333334,0.080906528314592,14.583982462153324
PI sintonizado,R108,23.254312003757647,28,8,100.0,100.0,96.0,0.10481083604344832,10.426612202979289
PI sintonizado,R109,19.758467720036144,32,20,84.0,76.0,72.0,0.7037061245885267,8.941203295385733
PI sintonizado,R110,27.774455842445732,22,11,94.66666666666667,92.0,85.33333333333334,0.2957535325058184,13.5321638822817
PI sintonizado,R111,22.794650322737745,40,2,100.0,97.33333333333334,93.33333333333333,0.12841382810912616,13.76123984619111
PI sintonizado,R112,26.251655379624534,13,12,100.0,96.0,89.33333333333333,0.16794026212225246,9.33092348189415
PI sintonizado,R113,31.391478120742825,38,23,100.0,100.0,100.0,0.055113300499426476,21.54492449654839
PI sintonizado,R114,29.76311994803745,45,20,88.0,88.0,86.66666666666667,0.5379953864155831,21.72324455274313
PI sintonizado,R115,24.42842534765121,33,8,100.0,100.0,96.0,0.08756570475304107,12.880287657744944
PI sintonizado,R116,24.142833293966795,39,12,100.0,100.0,97.33333333333334,0.08913442183347096,14.016084194017196
PI sintonizado,R117,29.90084550662727,4,3,100.0,100.0,100.0,0.03758312723185895,10.958306956521739
PI sintonizado,R118,26.209501214713725,15,21,100.0,97.33333333333334,94.66666666666667,0.1235281036632037,9.764158873198497
PI sintonizado,R119,19.781888312329706,22,6,78.66666666666666,70.66666666666667,66.66666666666666,0.8688334340031272,6.600397621412135
PI sintonizado,R120,30.317648202981793,33,15,84.0,81.33333333333333,76.0,0.771489452777374,19.400753597916918
PI sintonizado,R121,32.41290402068458,28,15,78.66666666666666,74.66666666666667,70.66666666666667,1.221521184353638,20.11438875911348
PI sintonizado,R122,32.1386591734737,16,19,84.0,81.33333333333333,80.0,0.9082938489584029,16.288174177546324
PI sintonizado,R123,27.46935574387181,40,4,100.0,100.0,100.0,0.05071229591285407,18.59597076468451
PI sintonizado,R124,19.630064172390004,6,20,65.33333333333333,50.66666666666667,44.0,1.4076948675401304,2.1661769565217392
PI sintonizado,R125,21.676706848297933,34,16,98.66666666666667,92.0,86.66666666666667,0.2328205272519194,10.484821775463242
PI sintonizado,R126,23.401387220704393,1,11,100.0,100.0,90.66666666666666,0.14995805577794835,2.8032878260869563
PI sintonizado,R127,16.179775680514382,16,19,50.66666666666667,41.333333333333336,36.0,2.557288272878227,2.832392612328933
PI sintonizado,R128,21.29464089162247,26,8,94.66666666666667,85.33333333333334,77.33333333333333,0.39115015592519653,8.32964784788664
PI sintonizado,R129,17.217232321152526,35,14,74.66666666666667,68.0,62.66666666666667,1.2868921257646537,7.084530894998183
PI sintonizado,R130,29.23640655745837,19,12,90.66666666666666,86.66666666666667,81.33333333333333,0.4950971082257516,14.242107704735375
PI sintonizado,R131,24.121068012395074,27,18,100.0,100.0,97.33333333333334,0.0846772967879177,10.907196112389489
PI sintonizado,R132,17.64429111375476,2,12,42.66666666666667,9.333333333333334,0.0,2.837202634414164,0.0
PI sintonizado,R133,28.731022172568156,20,8,92.0,89.33333333333333,84.0,0.37522148257179416,14.245728056194745
PI sintonizado,R134,30.894218097516948,1,10,88.0,85.33333333333334,73.33333333333333,0.7125020640711988,10.961927307981107
PI sintonizado,R135,17.97023870413611,43,23,80.0,74.66666666666667,72.0,0.8719117058433256,11.296561362480318
PI sintonizado,R136,23.75031245913905,4,18,100.0,100.0,96.0,0.09414450998403846,4.077509565217391
PI sintonizado,R137,17.3303044986966,27,19,66.66666666666666,58.666666666666664,53.333333333333336,1.6162334636419842,6.148918498243914
PI sintonizado,R138,18.584005505923223,31,2,77.33333333333333,70.66666666666667,66.66666666666666,0.9698909315272105,8.26043524645755
PI sintonizado,R139,20.699417141938664,1,10,80.0,66.66666666666666,49.333333333333336,0.9142951809179044,0.8919552173913043
PI sintonizado,R140,24.24985653089488,1,10,100.0,100.0,89.33333333333333,0.1372936778983309,3.950087391304348
PI sintonizado,R141,16.587171953459148,3,14,22.666666666666664,8.0,0.0,3.5730193786175217,0.0
PI sintonizado,R142,28.613307666948664,24,23,100.0,100.0,100.0,0.06032145338202407,15.013881451132374
PI sintonizado,R143,25.42071911813817,35,22,100.0,100.0,98.66666666666667,0.06662121824433366,14.32196839869202
PI sintonizado,R144,32.18342384974947,34,5,97.33333333333334,94.66666666666667,93.33333333333333,0.16448163358770893,21.941814398692024
PI sintonizado,R145,17.128458618422385,42,4,74.66666666666667,69.33333333333334,66.66666666666666,1.2554318944051293,10.21897439869202
PI sintonizado,R146,28.655368171943778,33,6,100.0,96.0,94.66666666666667,0.117874460154675,18.013591090710914
PI sintonizado,R147,17.908051113770274,15,22,66.66666666666666,57.333333333333336,52.0,1.4233344916070305,3.709795436599249
PI sintonizado,R148,27.621019667731012,18,22,100.0,100.0,100.0,0.06483403238197459,11.984925050744822
PI sintonizado,R149,21.601666170843085,30,4,96.0,88.0,84.0,0.2983892002057473,10.20087264139518
PI sintonizado,R150,18.325409063887165,27,22,77.33333333333333,69.33333333333334,65.33333333333333,0.9856040447105763,7.153743496427273
Termostato (zm = 1 °C),R001,19.864712381941885,36,7,81.33333333333333,16.0,6.666666666666667,1.590620072270382,8.890092451253484
Termostato (zm = 1 °C),R002,29.555212774656482,29,16,73.33333333333333,8.0,0.0,1.857776279360655,13.437182896935933
Termostato (zm = 1 °C),R003,22.648862360232453,38,7,93.33333333333333,21.333333333333336,8.0,1.3460857261431436,10.775869637883009
Termostato (zm = 1 °C),R004,26.171248810982227,9,4,96.0,14.666666666666666,0.0,1.3972303836451385,5.657331559888579
Termostato (zm = 1 °C),R005,27.436852748248562,28,22,94.66666666666667,14.666666666666666,2.666666666666667,1.4188483876252886,11.045266378830085
Termostato (zm = 1 °C),R006,20.220177148702707,42,22,84.0,14.666666666666666,6.666666666666667,1.5153380768488198,10.506472896935932
Termostato (zm = 1 °C),R007,27.343036702706332,6,2,96.0,24.0,0.0,1.3389006325820325,6.1961250417827305
Termostato (zm = 1 °C),R008,23.511274324852817,3,21,98.66666666666667,49.333333333333336,26.666666666666668,1.0342418487326113,1.346983704735376
Termostato (zm = 1 °C),R009,27.856709497994373,9,7,88.0,12.0,1.3333333333333335,1.534757060346387,7.812505487465182
Termostato (zm = 1 °C),R010,28.47677877661113,35,5,92.0,6.666666666666667,0.0,1.5212273173343704,15.402962752089138
Termostato (zm = 1 °C),R011,17.38710768221754,18,3,60.0,18.666666666666668,9.333333333333334,2.333417604048265,2.693967409470752
Termostato (zm = 1 °C),R012,21.78170314422999,21,11,94.66666666666667,29.333333333333332,10.666666666666668,1.2523589303795746,4.849141337047354
Termostato (zm = 1 °C),R013,20.529157480943105,25,19,84.0,22.666666666666664,10.666666666666668,1.4703202603048913,5.11853807799443
Termostato (zm = 1 °C),R014,19.286004617921407,1,3,57.333333333333336,42.66666666666667,24.0,1.818141338268348,0.0
Termostato (zm = 1 °C),R015,17.55830077626391,5,14,38.666666666666664,20.0,12.0,2.682897642009603,0.0
Termostato (zm = 1 °C),R016,30.53061237435802,30,14,66.66666666666666,13.333333333333334,5.333333333333334,2.0506832489614983,15.41765711977716
Termostato (zm = 1 °C),R017,31.84380213931172,29,17,68.0,13.333333333333334,5.333333333333334,2.1602374165695535,16.637289637883008
Termostato (zm = 1 °C),R018,30.62937239568597,32,22,93.33333333333333,14.666666666666666,2.666666666666667,1.4286733239433618,16.13115030640669
Termostato (zm = 1 °C),R019,25.285162154400002,11,22,96.0,20.0,1.3333333333333335,1.351646671693053,4.849141337047354
Termostato (zm = 1 °C),R020,24.414794981340012,14,6,94.66666666666667,18.666666666666668,4.0,1.3666344038517264,6.465521782729805
Termostato (zm = 1 °C),R021,23.68023802707093,26,15,93.33333333333333,24.0,12.0,1.2961570494725263,8.081902228412257
Termostato (zm = 1 °C),R022,21.62514581793993,31,21,89.33333333333333,20.0,8.0,1.3785912370903597,8.081902228412257
Termostato (zm = 1 °C),R023,20.370260979701083,13,8,77.33333333333333,30.666666666666664,18.666666666666668,1.4525884935311026,2.9633641504178274
Termostato (zm = 1 °C),R024,20.400507776929764,38,8,82.66666666666667,22.666666666666664,9.333333333333334,1.446837629417152,8.890092451253482
Termostato (zm = 1 °C),R025,16.08537967319124,1,15,16.0,0.0,0.0,4.174799905820655,0.0
Termostato (zm = 1 °C),R026,20.800506026227012,28,1,86.66666666666667,20.0,8.0,1.4385257160630056,6.73491852367688
Termostato (zm = 1 °C),R027,26.48609261335847,1,4,97.33333333333334,21.333333333333336,0.0,1.3058516416247226,4.040951114206129
Termostato (zm = 1 °C),R028,21.174602582733023,43,10,92.0,17.333333333333336,5.333333333333334,1.4010374580202265,10.23707615598886
Termostato (zm = 1 °C),R029,18.553439798065913,37,5,74.66666666666667,14.666666666666666,6.666666666666667,1.8683567326361306,8.35129896935933
Termostato (zm = 1 °C),R030,24.063662960670257,18,11,96.0,28.000000000000004,12.0,1.2776622408666471,5.387934818941504
Termostato (zm = 1 °C),R031,20.338950014931505,5,7,70.66666666666667,29.333333333333332,14.666666666666666,1.623321709764852,1.0775869637883009
Termostato (zm = 1 °C),R032,20.744141036834034,30,6,85.33333333333334,18.666666666666668,6.666666666666667,1.4584617486169111,7.273712005571031
Termostato (zm = 1 °C),R033,24.206947077588367,26,5,94.66666666666667,16.0,5.333333333333334,1.3746143603380807,8.890092451253482
Termostato (zm = 1 °C),R034,24.42572014344169,32,5,92.0,13.333333333333334,2.666666666666667,1.4493494929374389,10.775869637883009
Termostato (zm = 1 °C),R035,30.25420509193806,21,4,93.33333333333333,12.0,0.0,1.4514239005219547,12.851040896935935
Termostato (zm = 1 °C),R036,30.65665695565702,23,4,93.33333333333333,8.0,0.0,1.4836783040019403,13.70657963788301
Termostato (zm = 1 °C),R037,28.75903264293315,17,14,80.0,21.333333333333336,6.666666666666667,1.5988501788800706,9.523582969359332
Termostato (zm = 1 °C),R038,19.555635593786324,39,18,82.66666666666667,21.333333333333336,8.0,1.5572801827798115,7.812505487465182
Termostato (zm = 1 °C),R039,20.237429682093513,15,2,78.66666666666666,25.333333333333336,10.666666666666668,1.5152493594600709,3.2327608913649026
Termostato (zm = 1 °C),R040,26.506964279407548,35,12,89.33333333333333,13.333333333333334,4.0,1.4572277580946607,12.661646824512536
Termostato (zm = 1 °C),R041,26.786954090659687,4,4,96.0,17.333333333333336,0.0,1.412465509133904,5.657331559888579
Termostato (zm = 1 °C),R042,20.21879632755969,26,16,84.0,32.0,14.666666666666666,1.3742891931169592,4.849141337047354
Termostato (zm = 1 °C),R043,17.374817986265427,38,21,69.33333333333334,16.0,5.333333333333334,1.9864786250013644,7.273712005571031
Termostato (zm = 1 °C),R044,23.287804486179862,12,14,97.33333333333334,30.666666666666664,10.666666666666668,1.2260663693928773,2.9633641504178274
Termostato (zm = 1 °C),R045,21.322793571147038,31,4,89.33333333333333,20.0,8.0,1.3904496742577273,7.812505487465182
Termostato (zm = 1 °C),R046,16.165106172522695,13,5,48.0,24.0,12.0,2.9907569680899955,0.0
Termostato (zm = 1 °C),R047,30.790011539118083,40,23,92.0,9.333333333333334,1.3333333333333335,1.4964414258314127,18.82511771587744
Termostato (zm = 1 °C),R048,23.51046983424874,26,9,96.0,21.333333333333336,8.0,1.3208480164214398,7.004315264623956
Termostato (zm = 1 °C),R049,20.691100381558552,31,23,84.0,18.666666666666668,8.0,1.4723714226142042,7.812505487465182
Termostato (zm = 1 °C),R050,16.989444289519348,17,9,60.0,36.0,20.0,2.339036243720662,1.0775869637883009
Termostato (zm = 1 °C),R051,18.866690356984265,7,5,61.33333333333333,26.666666666666668,13.333333333333334,2.040599106191749,0.0
Termostato (zm = 1 °C),R052,29.260133557681602,21,4,94.66666666666667,9.333333333333334,0.0,1.495970616765202,11.726105415041784
Termostato (zm = 1 °C),R053,25.38486623094757,43,8,89.33333333333333,12.0,5.333333333333334,1.461125126006012,14.547424011142063
Termostato (zm = 1 °C),R054,24.623789263670066,2,8,97.33333333333334,26.666666666666668,2.666666666666667,1.2694739409643376,2.693967409470752
Termostato (zm = 1 °C),R055,20.806268459833934,5,6,76.0,37.333333333333336,13.333333333333334,1.4398504711445572,1.346983704735376
Termostato (zm = 1 °C),R056,17.45148196606189,15,11,64.0,42.66666666666667,24.0,2.0274776706555,0.0
Termostato (zm = 1 °C),R057,31.016829206747424,40,22,93.33333333333333,9.333333333333334,1.3333333333333335,1.4653616172812927,18.87246623398329
Termostato (zm = 1 °C),R058,16.46552327276102,44,22,66.66666666666666,13.333333333333334,5.333333333333334,2.0737788855802415,8.890092451253482
Termostato (zm = 1 °C),R059,18.065917001251965,30,17,69.33333333333334,20.0,8.0,1.9439270327482123,5.387934818941504
Termostato (zm = 1 °C),R060,31.240852614844812,34,4,92.0,8.0,0.0,1.5057236773828981,17.256085788300837
Termostato (zm = 1 °C),R061,21.634874727535795,36,9,90.66666666666666,22.666666666666664,10.666666666666668,1.3305777263885281,8.620695710306407
Termostato (zm = 1 °C),R062,21.896432280461248,30,12,96.0,26.666666666666668,9.333333333333334,1.270095356159098,7.273712005571031
Termostato (zm = 1 °C),R063,16.152898465312617,45,10,65.33333333333333,20.0,9.333333333333334,2.286766131288337,6.73491852367688
Termostato (zm = 1 °C),R064,30.920181401697484,0,2,97.33333333333334,22.666666666666664,0.0,1.3029970464853724,8.04924807799443
Termostato (zm = 1 °C),R065,24.229441896786625,39,11,92.0,14.666666666666666,5.333333333333334,1.460095798156181,11.85345660167131
Termostato (zm = 1 °C),R066,29.30371533543771,12,23,96.0,20.0,2.666666666666667,1.3547919015779364,8.762741264623957
Termostato (zm = 1 °C),R067,28.020639507804233,2,6,96.0,14.666666666666666,0.0,1.405251162485985,5.704680077994429
Termostato (zm = 1 °C),R068,27.391926107987587,1,8,92.0,18.666666666666668,8.0,1.3686631556937146,5.11853807799443
Termostato (zm = 1 °C),R069,29.05817321293346,17,16,81.33333333333333,20.0,9.333333333333334,1.6070642274961668,10.648518451253484
Termostato (zm = 1 °C),R070,32.61804447646341,19,20,82.66666666666667,14.666666666666666,4.0,1.976939549320188,13.943322228412256
Termostato (zm = 1 °C),R071,16.783836248981082,44,6,65.33333333333333,13.333333333333334,5.333333333333334,2.288072699707628,8.35129896935933
Termostato (zm = 1 °C),R072,30.66064866071436,3,14,81.33333333333333,22.666666666666664,0.0,1.7445127636272282,8.365993337047355
Termostato (zm = 1 °C),R073,21.852385294246545,40,1,92.0,17.333333333333336,6.666666666666667,1.4017197832913935,11.045266378830085
Termostato (zm = 1 °C),R074,28.96883538969567,30,0,94.66666666666667,12.0,1.3333333333333335,1.452518369336657,13.295137342618386
Termostato (zm = 1 °C),R075,17.578340167065313,37,23,69.33333333333334,14.666666666666666,6.666666666666667,1.9553798530434179,7.812505487465182
Termostato (zm = 1 °C),R076,29.192222312887708,15,20,84.0,20.0,6.666666666666667,1.5321655025683847,9.840328228412258
Termostato (zm = 1 °C),R077,24.11169027697438,27,4,92.0,18.666666666666668,6.666666666666667,1.3782818578009675,9.428885933147633
Termostato (zm = 1 °C),R078,25.077614459467817,25,10,94.66666666666667,16.0,5.333333333333334,1.4106483580506233,8.351298969359332
Termostato (zm = 1 °C),R079,18.771503142288097,20,3,69.33333333333334,21.333333333333336,9.333333333333334,1.841764264818032,3.502157632311978
Termostato (zm = 1 °C),R080,20.38855286153897,32,22,82.66666666666667,18.666666666666668,8.0,1.4780440423501071,8.081902228412256
Termostato (zm = 1 °C),R081,32.775718011409566,5,16,76.0,25.333333333333336,9.333333333333334,1.9670326375342393,10.710561337047356
Termostato (zm = 1 °C),R082,28.29367602730619,22,17,81.33333333333333,9.333333333333334,0.0,1.6822570583799026,10.553821415041783
Termostato (zm = 1 °C),R083,24.79572381474744,18,4,94.66666666666667,13.333333333333334,0.0,1.4212512559001487,7.004315264623957
Termostato (zm = 1 °C),R084,30.91998551776868,30,21,88.0,13.333333333333334,4.0,1.656827496733141,16.225847342618387
Termostato (zm = 1 °C),R085,28.062087397422893,40,22,92.0,10.666666666666668,2.666666666666667,1.4915025430380118,15.672359493036211
Termostato (zm = 1 °C),R086,32.659968726790204,26,12,62.66666666666667,16.0,6.666666666666667,2.351685525142653,17.001383415041786
Termostato (zm = 1 °C),R087,28.878681618294404,12,14,82.66666666666667,20.0,2.666666666666667,1.553887309110513,8.493344523676882
Termostato (zm = 1 °C),R088,17.953114159578913,2,7,42.66666666666667,28.000000000000004,16.0,2.7433265944364296,0.0
Termostato (zm = 1 °C),R089,17.15147625800826,34,21,68.0,16.0,6.666666666666667,2.061909861957126,6.1961250417827305
Termostato (zm = 1 °C),R090,16.375196780873626,32,12,65.33333333333333,25.333333333333336,10.666666666666668,2.26528467605136,4.040951114206129
Termostato (zm = 1 °C),R091,19.019405810342416,18,3,70.66666666666667,20.0,9.333333333333334,1.8230806842573013,3.2327608913649026
Termostato (zm = 1 °C),R092,18.819356161102448,23,21,73.33333333333333,21.333333333333336,8.0,1.7701291805003287,4.3103478551532035
Termostato (zm = 1 °C),R093,24.40599213484399,29,8,94.66666666666667,20.0,4.0,1.363041802207406,9.698282674094708
Termostato (zm = 1 °C),R094,32.986567039989566,31,13,58.666666666666664,5.333333333333334,0.0,2.619106451105071,17.90427067409471
Termostato (zm = 1 °C),R095,21.15662913529142,14,8,86.66666666666667,33.33333333333333,14.666666666666666,1.2899508064328808,3.2327608913649026
Termostato (zm = 1 °C),R096,27.829736926905802,34,2,94.66666666666667,9.333333333333334,0.0,1.460053678103341,13.469837047353762
Termostato (zm = 1 °C),R097,28.889760198869006,31,21,89.33333333333333,14.666666666666666,4.0,1.548822148859837,14.420072824512538
Termostato (zm = 1 °C),R098,24.07722946120964,9,10,97.33333333333334,26.666666666666668,5.333333333333334,1.2588567734024905,3.2327608913649026
Termostato (zm = 1 °C),R099,18.432951145570694,23,10,72.0,24.0,8.0,1.8794455016348297,2.424570668523677
Termostato (zm = 1 °C),R100,28.994998804445792,37,9,66.66666666666666,10.666666666666668,4.0,1.8588934547104585,15.497659788300835
Termostato (zm = 1 °C),R101,26.53882646688087,45,1,92.0,8.0,1.3333333333333335,1.5026341032331503,16.163804456824515
Termostato (zm = 1 °C),R102,19.73533135387115,44,4,77.33333333333333,14.666666666666666,6.666666666666667,1.6424827159208875,11.045266378830084
Termostato (zm = 1 °C),R103,32.679949550163656,36,1,92.0,8.0,0.0,1.496906585652008,18.967163270194987
Termostato (zm = 1 °C),R104,19.660414442193613,43,0,81.33333333333333,14.666666666666666,6.666666666666667,1.6145510687093123,10.775869637883009
Termostato (zm = 1 °C),R105,26.872099278752515,15,15,89.33333333333333,16.0,2.666666666666667,1.4267442979191127,7.812505487465182
Termostato (zm = 1 °C),R106,21.873865525555722,36,0,94.66666666666667,18.666666666666668,6.666666666666667,1.3572890435778415,10.23707615598886
Termostato (zm = 1 °C),R107,23.39517755283422,41,4,93.33333333333333,16.0,6.666666666666667,1.3825165140602222,11.85345660167131
Termostato (zm = 1 °C),R108,23.254312003757647,28,8,94.66666666666667,22.666666666666664,9.333333333333334,1.2758626909499116,7.812505487465181
Termostato (zm = 1 °C),R109,19.758467720036144,32,20,78.66666666666666,18.666666666666668,8.0,1.6435434656180676,6.734918523676881
Termostato (zm = 1 °C),R110,27.774455842445732,22,11,81.33333333333333,14.666666666666666,4.0,1.5986127819086247,10.23707615598886
Termostato (zm = 1 °C),R111,22.794650322737745,40,2,90.66666666666666,18.666666666666668,6.666666666666667,1.3806201492038581,11.31466311977716
Termostato (zm = 1 °C),R112,26.251655379624534,13,12,94.66666666666667,18.666666666666668,1.3333333333333335,1.3835158487368013,6.465521782729805
Termostato (zm = 1 °C),R113,31.391478120742825,38,23,92.0,9.333333333333334,1.3333333333333335,1.4936431241516153,18.87246623398329
Termostato (zm = 1 °C),R114,29.76311994803745,45,20,78.66666666666666,9.333333333333334,2.666666666666667,1.829270249469186,18.555720974930367
Termostato (zm = 1 °C),R115,24.42842534765121,33,8,92.0,16.0,6.666666666666667,1.393912165309276,11.045266378830085
Termostato (zm = 1 °C),R116,24.142833293966795,39,12,92.0,10.666666666666668,1.3333333333333335,1.4769720385753968,10.775869637883009
Termostato (zm = 1 °C),R117,29.90084550662727,4,3,96.0,16.0,0.0,1.4039998023379539,8.540693041782731
Termostato (zm = 1 °C),R118,26.209501214713725,15,21,96.0,20.0,9.333333333333334,1.3340501749933813,6.73491852367688
Termostato (zm = 1 °C),R119,19.781888312329706,22,6,76.0,20.0,8.0,1.6647964277055014,5.11853807799443
Termostato (zm = 1 °C),R120,30.317648202981793,33,15,69.33333333333334,9.333333333333334,0.0,2.0322647079747957,15.41765711977716
Termostato (zm = 1 °C),R121,32.41290402068458,28,15,64.0,12.0,2.666666666666667,2.3021743127273933,17.001383415041786
Termostato (zm = 1 °C),R122,32.1386591734737,16,19,77.33333333333333,18.666666666666668,6.666666666666667,1.9656017008909799,13.626576969359334
Termostato (zm = 1 °C),R123,27.46935574387181,40,4,92.0,6.666666666666667,0.0,1.521299262125929,16.163804456824515
Termostato (zm = 1 °C),R124,19.630064172390004,6,20,64.0,26.666666666666668,13.333333333333334,1.832280758190739,0.8081902228412257
Termostato (zm = 1 °C),R125,21.676706848297933,34,16,93.33333333333333,26.666666666666668,12.0,1.2942731081905903,8.35129896935933
Termostato (zm = 1 °C),R126,23.401387220704393,1,11,98.66666666666667,61.33333333333333,34.66666666666667,0.8365353200190663,1.346983704735376
Termostato (zm = 1 °C),R127,16.179775680514382,16,19,49.333333333333336,22.666666666666664,9.333333333333334,2.89563662132513,1.6163804456824513
Termostato (zm = 1 °C),R128,21.29464089162247,26,8,90.66666666666666,26.666666666666668,9.333333333333334,1.315831800833025,6.1961250417827305
Termostato (zm = 1 °C),R129,17.217232321152526,35,14,72.0,21.333333333333336,8.0,2.0087187595017593,5.387934818941504
Termostato (zm = 1 °C),R130,29.23640655745837,19,12,78.66666666666666,18.666666666666668,6.666666666666667,1.6649614789566234,11.504057192200559
Termostato (zm = 1 °C),R131,24.121068012395074,27,18,94.66666666666667,18.666666666666668,6.666666666666667,1.3676625048953712,8.620695710306407
Termostato (zm = 1 °C),R132,17.64429111375476,2,12,42.66666666666667,9.333333333333334,0.0,2.837202634414164,0.0
Termostato (zm = 1 °C),R133,28.731022172568156,20,8,81.33333333333333,14.666666666666666,5.333333333333334,1.6105140402718674,11.409360155988859
Termostato (zm = 1 °C),R134,30.894218097516948,1,10,81.33333333333333,25.333333333333336,0.0,1.7304781936751445,8.09659659610028
Termostato (zm = 1 °C),R135,17.97023870413611,43,23,74.66666666666667,13.333333333333334,5.333333333333334,1.826222876617619,9.698282674094708
Termostato (zm = 1 °C),R136,23.75031245913905,4,18,98.66666666666667,58.666666666666664,38.666666666666664,0.8581778363818787,1.6163804456824513
Termostato (zm = 1 °C),R137,17.3303044986966,27,19,62.66666666666667,18.666666666666668,6.666666666666667,2.271071026534023,4.849141337047354
Termostato (zm = 1 °C),R138,18.584005505923223,31,2,73.33333333333333,16.0,6.666666666666667,1.8292430461927824,6.73491852367688
Termostato (zm = 1 °C),R139,20.699417141938664,1,10,80.0,66.66666666666666,40.0,1.0017336211099406,0.0
Termostato (zm = 1 °C),R140,24.24985653089488,1,10,97.33333333333334,40.0,26.666666666666668,1.1376611942583095,2.424570668523677
Termostato (zm = 1 °C),R141,16.587171953459148,3,14,22.666666666666664,8.0,0.0,3.5730193786175217,0.0
Termostato (zm = 1 °C),R142,28.613307666948664,24,23,94.66666666666667,16.0,2.666666666666667,1.3891552951074984,11.678756896935933
Termostato (zm = 1 °C),R143,25.42071911813817,35,22,93.33333333333333,9.333333333333334,0.0,1.4764400012736132,11.31466311977716
Termostato (zm = 1 °C),R144,32.18342384974947,34,5,84.0,5.333333333333334,0.0,1.5819289856992382,19.50595675208914
Termostato (zm = 1 °C),R145,17.128458618422385,42,4,69.33333333333334,14.666666666666666,6.666666666666667,2.112197739876672,7.812505487465182
Termostato (zm = 1 °C),R146,28.655368171943778,33,6,88.0,5.333333333333334,0.0,1.5493178375812655,15.450311270194987
Termostato (zm = 1 °C),R147,17.908051113770274,15,22,65.33333333333333,22.666666666666664,9.333333333333334,2.00228467350627,1.6163804456824513
Termostato (zm = 1 °C),R148,27.621019667731012,18,22,94.66666666666667,22.666666666666664,6.666666666666667,1.3501397398345016,9.428885933147633
Termostato (zm = 1 °C),R149,21.601666170843085,30,4,90.66666666666666,20.0,8.0,1.3657542107428182,8.081902228412257
Termostato (zm = 1 °C),R150,18.325409063887165,27,22,73.33333333333333,17.333333333333336,6.666666666666667,1.8015676680211137,4.849141337047354
Termostato (zm = 0),R001,19.864712381941885,36,7,48.0,13.333333333333334,5.333333333333334,1.9087337042625423,7.812505487465181
Termostato (zm = 0),R002,29.555212774656482,29,16,42.66666666666667,2.666666666666667,0.0,2.208717973739031,13.16778615598886
Termostato (zm = 0),R003,22.648862360232453,38,7,49.333333333333336,17.333333333333336,8.0,1.7336624333129818,10.506472896935934
Termostato (zm = 0),R004,26.171248810982227,9,4,76.0,0.0,0.0,1.9056786221333986,5.11853807799443
Termostato (zm = 0),R005,27.436852748248562,28,22,53.333333333333336,1.3333333333333335,0.0,1.942580009929682,10.775869637883009
Termostato (zm = 0),R006,20.220177148702707,42,22,42.66666666666667,12.0,6.666666666666667,1.8593745245892828,9.698282674094708
Termostato (zm = 0),R007,27.343036702706332,6,2,80.0,0.0,0.0,1.882712075847447,5.11853807799443
Termostato (zm = 0),R008,23.511274324852817,3,21,93.33333333333333,48.0,26.666666666666668,1.1563147575178545,1.346983704735376
Termostato (zm = 0),R009,27.856709497994373,9,7,66.66666666666666,1.3333333333333335,0.0,1.9981568844001185,7.004315264623956
Termostato (zm = 0),R010,28.47677877661113,35,5,38.666666666666664,0.0,0.0,2.0244493491643145,14.594772529247912
Termostato (zm = 0),R011,17.38710768221754,18,3,54.666666666666664,17.333333333333336,9.333333333333334,2.4319334667502686,1.8857771866295265
Termostato (zm = 0),R012,21.78170314422999,21,11,78.66666666666666,21.333333333333336,8.0,1.5316149539807846,4.040951114206129
Termostato (zm = 0),R013,20.529157480943105,25,19,62.66666666666667,20.0,10.666666666666668,1.6833131424252985,4.849141337047354
Termostato (zm = 0),R014,19.286004617921407,1,3,57.333333333333336,42.66666666666667,24.0,1.818141338268348,0.0
Termostato (zm = 0),R015,17.55830077626391,5,14,38.666666666666664,20.0,12.0,2.682897642009603,0.0
Termostato (zm = 0),R016,30.53061237435802,30,14,41.333333333333336,4.0,0.0,2.374447912714879,14.609466896935935
Termostato (zm = 0),R017,31.84380213931172,29,17,38.666666666666664,1.3333333333333335,0.0,2.545373801292061,15.559702674094709
Termostato (zm = 0),R018,30.62937239568597,32,22,48.0,0.0,0.0,1.962104859706144,15.053563342618386
Termostato (zm = 0),R019,25.285162154400002,11,22,78.66666666666666,14.666666666666666,1.3333333333333335,1.6999981669074369,4.3103478551532035
Termostato (zm = 0),R020,24.414794981340012,14,6,73.33333333333333,13.333333333333334,4.0,1.7195330010879704,5.387934818941504
Termostato (zm = 0),R021,23.68023802707093,26,15,65.33333333333333,13.333333333333334,5.333333333333334,1.705399826135394,6.73491852367688
Termostato (zm = 0),R022,21.62514581793993,31,21,60.0,16.0,8.0,1.6824958527988159,7.273712005571031
Termostato (zm = 0),R023,20.370260979701083,13,8,70.66666666666667,28.000000000000004,10.666666666666668,1.641707664286785,1.8857771866295265
Termostato (zm = 0),R024,20.400507776929764,38,8,50.66666666666667,16.0,5.333333333333334,1.780611403761083,8.081902228412257
Termostato (zm = 0),R025,16.08537967319124,1,15,16.0,0.0,0.0,4.174799905820655,0.0
Termostato (zm = 0),R026,20.800506026227012,28,1,60.0,16.0,8.0,1.7440028441704487,6.465521782729805
Termostato (zm = 0),R027,26.48609261335847,1,4,86.66666666666667,0.0,0.0,1.8619345819571405,3.2327608913649026
Termostato (zm = 0),R028,21.174602582733023,43,10,50.66666666666667,13.333333333333334,5.333333333333334,1.7578491670491485,9.428885933147633
Termostato (zm = 0),R029,18.553439798065913,37,5,44.0,12.0,6.666666666666667,2.1439726136767345,7.273712005571031
Termostato (zm = 0),R030,24.063662960670257,18,11,74.66666666666667,13.333333333333334,4.0,1.6826015935020409,4.849141337047354
Termostato (zm = 0),R031,20.338950014931505,5,7,70.66666666666667,28.000000000000004,13.333333333333334,1.6545516102770403,0.2693967409470752
Termostato (zm = 0),R032,20.744141036834034,30,6,56.00000000000001,14.666666666666666,6.666666666666667,1.7861731082913301,6.73491852367688
Termostato (zm = 0),R033,24.206947077588367,26,5,58.666666666666664,10.666666666666668,5.333333333333334,1.7892079625551953,8.351298969359332
Termostato (zm = 0),R034,24.42572014344169,32,5,50.66666666666667,8.0,2.666666666666667,1.8817855628791067,10.23707615598886
Termostato (zm = 0),R035,30.25420509193806,21,4,58.666666666666664,0.0,0.0,1.9879083420794328,12.581644155988858
Termostato (zm = 0),R036,30.65665695565702,23,4,56.00000000000001,0.0,0.0,1.9677054125055262,13.437182896935933
Termostato (zm = 0),R037,28.75903264293315,17,14,58.666666666666664,5.333333333333334,0.0,2.033058021372112,8.984789487465182
Termostato (zm = 0),R038,19.555635593786324,39,18,46.666666666666664,18.666666666666668,8.0,1.8543909652523136,7.543108746518106
Termostato (zm = 0),R039,20.237429682093513,15,2,68.0,20.0,10.666666666666668,1.735761008902203,2.693967409470752
Termostato (zm = 0),R040,26.506964279407548,35,12,44.0,2.666666666666667,0.0,1.9584182801118928,11.584059860724235
Termostato (zm = 0),R041,26.786954090659687,4,4,82.66666666666667,0.0,0.0,1.8799187748858814,4.3103478551532035
Termostato (zm = 0),R042,20.21879632755969,26,16,65.33333333333333,29.333333333333332,14.666666666666666,1.5793056780205263,4.3103478551532035
Termostato (zm = 0),R043,17.374817986265427,38,21,41.333333333333336,13.333333333333334,5.333333333333334,2.252837792665858,6.73491852367688
Termostato (zm = 0),R044,23.287804486179862,12,14,86.66666666666667,22.666666666666664,10.666666666666668,1.4669160821140372,2.693967409470752
Termostato (zm = 0),R045,21.322793571147038,31,4,57.333333333333336,16.0,8.0,1.7228587104898232,7.543108746518106
Termostato (zm = 0),R046,16.165106172522695,13,5,48.0,24.0,12.0,2.9907569680899955,0.0
Termostato (zm = 0),R047,30.790011539118083,40,23,36.0,0.0,0.0,2.0159925380011776,17.47813401114206
Termostato (zm = 0),R048,23.51046983424874,26,9,66.66666666666666,16.0,8.0,1.6659748535496066,6.73491852367688
Termostato (zm = 0),R049,20.691100381558552,31,23,56.00000000000001,14.666666666666666,8.0,1.7700075891599227,7.004315264623957
Termostato (zm = 0),R050,16.989444289519348,17,9,60.0,28.000000000000004,10.666666666666668,2.4330251022432847,0.2693967409470752
Termostato (zm = 0),R051,18.866690356984265,7,5,61.33333333333333,26.666666666666668,13.333333333333334,2.040599106191749,0.0
Termostato (zm = 0),R052,29.260133557681602,21,4,58.666666666666664,0.0,0.0,1.9923757220132434,11.45670867409471
Termostato (zm = 0),R053,25.38486623094757,43,8,34.66666666666667,4.0,0.0,1.9801458856249459,13.46983704735376
Termostato (zm = 0),R054,24.623789263670066,2,8,89.33333333333333,21.333333333333336,0.0,1.5666793520936733,2.424570668523677
Termostato (zm = 0),R055,20.806268459833934,5,6,74.66666666666667,26.666666666666668,13.333333333333334,1.5647709363440905,0.5387934818941504
Termostato (zm = 0),R056,17.45148196606189,15,11,64.0,42.66666666666667,24.0,2.0274776706555,0.0
Termostato (zm = 0),R057,31.016829206747424,40,22,37.333333333333336,0.0,0.0,2.0177013764318636,17.525482529247913
Termostato (zm = 0),R058,16.46552327276102,44,22,36.0,10.666666666666668,5.333333333333334,2.3406953330841946,8.081902228412256
Termostato (zm = 0),R059,18.065917001251965,30,17,50.66666666666667,17.333333333333336,8.0,2.1326134013450404,4.3103478551532035
Termostato (zm = 0),R060,31.240852614844812,34,4,41.333333333333336,0.0,0.0,2.027069000786103,16.986689047353764
Termostato (zm = 0),R061,21.634874727535795,36,9,58.666666666666664,14.666666666666666,6.666666666666667,1.6960526157481812,7.812505487465181
Termostato (zm = 0),R062,21.896432280461248,30,12,69.33333333333334,17.333333333333336,6.666666666666667,1.6345608109592868,6.465521782729805
Termostato (zm = 0),R063,16.152898465312617,45,10,42.66666666666667,13.333333333333334,5.333333333333334,2.5264078940279195,5.926728300835655
Termostato (zm = 0),R064,30.920181401697484,0,2,88.0,0.0,0.0,1.8783608040391815,6.97166111420613
Termostato (zm = 0),R065,24.229441896786625,39,11,46.666666666666664,8.0,1.3333333333333335,1.867923961967885,10.775869637883009
Termostato (zm = 0),R066,29.30371533543771,12,23,73.33333333333333,0.0,0.0,1.8729125574087857,8.493344523676882
Termostato (zm = 0),R067,28.020639507804233,2,6,82.66666666666667,0.0,0.0,1.922575224772848,5.165886596100279
Termostato (zm = 0),R068,27.391926107987587,1,8,80.0,8.0,0.0,1.8749836929777302,4.3103478551532035
Termostato (zm = 0),R069,29.05817321293346,17,16,58.666666666666664,2.666666666666667,0.0,2.0552122292889163,9.301534746518108
Termostato (zm = 0),R070,32.61804447646341,19,20,57.333333333333336,1.3333333333333335,0.0,2.3937096786996177,13.673925487465183
Termostato (zm = 0),R071,16.783836248981082,44,6,34.66666666666667,10.666666666666668,5.333333333333334,2.5507651366534922,7.812505487465181
Termostato (zm = 0),R072,30.66064866071436,3,14,74.66666666666667,10.666666666666668,0.0,2.0123749851445294,7.288406373259054
Termostato (zm = 0),R073,21.852385294246545,40,1,49.333333333333336,13.333333333333334,6.666666666666667,1.7780952287051541,10.23707615598886
Termostato (zm = 0),R074,28.96883538969567,30,0,49.333333333333336,0.0,0.0,1.9630771844320853,13.025740601671309
Termostato (zm = 0),R075,17.578340167065313,37,23,42.66666666666667,12.0,6.666666666666667,2.195733234078845,7.004315264623956
Termostato (zm = 0),R076,29.192222312887708,15,20,62.66666666666667,4.0,0.0,1.9939005103154235,9.032138005571031
Termostato (zm = 0),R077,24.11169027697438,27,4,58.666666666666664,12.0,6.666666666666667,1.7767645996448436,8.620695710306407
Termostato (zm = 0),R078,25.077614459467817,25,10,61.33333333333333,2.666666666666667,0.0,1.8679073383577762,7.812505487465181
Termostato (zm = 0),R079,18.771503142288097,20,3,57.333333333333336,17.333333333333336,9.333333333333334,2.043519718182556,2.9633641504178274
Termostato (zm = 0),R080,20.38855286153897,32,22,54.666666666666664,13.333333333333334,8.0,1.8012646300710453,7.004315264623956
Termostato (zm = 0),R081,32.775718011409566,5,16,66.66666666666666,12.0,0.0,2.3322753923664874,10.171767855153204
Termostato (zm = 0),R082,28.29367602730619,22,17,53.333333333333336,2.666666666666667,0.0,2.0370617021304303,9.745631192200557
Termostato (zm = 0),R083,24.79572381474744,18,4,68.0,8.0,0.0,1.827740018571546,6.465521782729805
Termostato (zm = 0),R084,30.91998551776868,30,21,48.0,0.0,0.0,2.1692480304620365,14.878863637883011
Termostato (zm = 0),R085,28.062087397422893,40,22,37.333333333333336,0.0,0.0,2.001388447756981,14.594772529247912
Termostato (zm = 0),R086,32.659968726790204,26,12,42.66666666666667,5.333333333333334,0.0,2.698343970409918,15.654399710306407
Termostato (zm = 0),R087,28.878681618294404,12,14,66.66666666666666,8.0,0.0,1.9481952755676388,7.9545510417827305
Termostato (zm = 0),R088,17.953114159578913,2,7,42.66666666666667,28.000000000000004,16.0,2.7433265944364296,0.0
Termostato (zm = 0),R089,17.15147625800826,34,21,44.0,13.333333333333334,6.666666666666667,2.3079987769538493,5.657331559888579
Termostato (zm = 0),R090,16.375196780873626,32,12,54.666666666666664,17.333333333333336,6.666666666666667,2.453662414937751,2.9633641504178274
Termostato (zm = 0),R091,19.019405810342416,18,3,60.0,17.333333333333336,9.333333333333334,1.996852440556169,2.693967409470752
Termostato (zm = 0),R092,18.819356161102448,23,21,56.00000000000001,17.333333333333336,8.0,1.9988895608442832,3.771554373259053
Termostato (zm = 0),R093,24.40599213484399,29,8,56.00000000000001,9.333333333333334,0.0,1.832767244016045,8.890092451253484
Termostato (zm = 0),R094,32.986567039989566,31,13,36.0,2.666666666666667,0.0,2.8457638493971724,17.365477192200558
Termostato (zm = 0),R095,21.15662913529142,14,8,76.0,28.000000000000004,9.333333333333334,1.525708138258963,2.693967409470752
Termostato (zm = 0),R096,27.829736926905802,34,2,42.66666666666667,0.0,0.0,2.0065199334910755,13.200440306406685
Termostato (zm = 0),R097,28.889760198869006,31,21,46.666666666666664,0.0,0.0,2.0592495655496266,13.07308911977716
Termostato (zm = 0),R098,24.07722946120964,9,10,85.33333333333334,20.0,5.333333333333334,1.5324927728019873,2.9633641504178274
Termostato (zm = 0),R099,18.432951145570694,23,10,65.33333333333333,21.333333333333336,8.0,1.98673395027794,2.1551739275766018
Termostato (zm = 0),R100,28.994998804445792,37,9,32.0,2.666666666666667,0.0,2.2364468433821725,14.68946956545961
Termostato (zm = 0),R101,26.53882646688087,45,1,29.333333333333332,0.0,0.0,2.0308827163776244,14.816820752089138
Termostato (zm = 0),R102,19.73533135387115,44,4,40.0,12.0,6.666666666666667,1.949531163876943,9.967679415041783
Termostato (zm = 0),R103,32.679949550163656,36,1,40.0,0.0,0.0,2.0359457938093652,18.428369788300838
Termostato (zm = 0),R104,19.660414442193613,43,0,41.333333333333336,12.0,6.666666666666667,1.9304318437533132,9.698282674094708
Termostato (zm = 0),R105,26.872099278752515,15,15,68.0,5.333333333333334,0.0,1.8500654106115924,6.73491852367688
Termostato (zm = 0),R106,21.873865525555722,36,0,54.666666666666664,14.666666666666666,6.666666666666667,1.7394722597008188,9.159489192200557
Termostato (zm = 0),R107,23.39517755283422,41,4,42.66666666666667,12.0,6.666666666666667,1.81445846294201,11.85345660167131
Termostato (zm = 0),R108,23.254312003757647,28,8,62.66666666666667,20.0,9.333333333333334,1.6330553400808965,7.812505487465182
Termostato (zm = 0),R109,19.758467720036144,32,20,52.0,16.0,8.0,1.88907508111607,6.465521782729805
Termostato (zm = 0),R110,27.774455842445732,22,11,56.00000000000001,5.333333333333334,0.0,1.9725531148393247,9.428885933147633
Termostato (zm = 0),R111,22.794650322737745,40,2,46.666666666666664,14.666666666666666,6.666666666666667,1.7762683672654052,10.775869637883009
Termostato (zm = 0),R112,26.251655379624534,13,12,73.33333333333333,5.333333333333334,0.0,1.7993393074723558,5.657331559888579
Termostato (zm = 0),R113,31.391478120742825,38,23,38.666666666666664,0.0,0.0,2.007664524456239,17.52548252924791
Termostato (zm = 0),R114,29.76311994803745,45,20,26.666666666666668,1.3333333333333335,0.0,2.272160209708317,17.747530752089137
Termostato (zm = 0),R115,24.42842534765121,33,8,50.66666666666667,8.0,0.0,1.852843883947652,9.967679415041783
Termostato (zm = 0),R116,24.142833293966795,39,12,48.0,6.666666666666667,1.3333333333333335,1.875445468082373,10.775869637883009
Termostato (zm = 0),R117,29.90084550662727,4,3,81.33333333333333,0.0,0.0,1.9154628508299962,7.46310607799443
Termostato (zm = 0),R118,26.209501214713725,15,21,70.66666666666667,2.666666666666667,0.0,1.8525043076537075,5.926728300835655
Termostato (zm = 0),R119,19.781888312329706,22,6,58.666666666666664,16.0,8.0,1.8919593963254082,4.040951114206129
Termostato (zm = 0),R120,30.317648202981793,33,15,36.0,2.666666666666667,0.0,2.37110368279601,15.148260378830084
Termostato (zm = 0),R121,32.41290402068458,28,15,40.0,2.666666666666667,0.0,2.6598545463523724,15.923796451253484
Termostato (zm = 0),R122,32.1386591734737,16,19,56.00000000000001,4.0,0.0,2.3878388637073518,12.279593264623957
Termostato (zm = 0),R123,27.46935574387181,40,4,33.33333333333333,0.0,0.0,2.0439139900296506,14.816820752089138
Termostato (zm = 0),R124,19.630064172390004,6,20,64.0,26.666666666666668,13.333333333333334,1.843968548735595,0.2693967409470752
Termostato (zm = 0),R125,21.676706848297933,34,16,61.33333333333333,16.0,6.666666666666667,1.669314644635495,7.273712005571031
Termostato (zm = 0),R126,23.401387220704393,1,11,97.33333333333334,41.333333333333336,18.666666666666668,1.1778642768651078,0.5387934818941504
Termostato (zm = 0),R127,16.179775680514382,16,19,46.666666666666664,20.0,9.333333333333334,2.964786168809826,0.8081902228412257
Termostato (zm = 0),R128,21.29464089162247,26,8,66.66666666666666,18.666666666666668,8.0,1.626525667596748,5.657331559888579
Termostato (zm = 0),R129,17.217232321152526,35,14,52.0,18.666666666666668,8.0,2.198406298422382,4.3103478551532035
Termostato (zm = 0),R130,29.23640655745837,19,12,57.333333333333336,6.666666666666667,0.0,2.0504644521211883,10.157073487465183
Termostato (zm = 0),R131,24.121068012395074,27,18,62.66666666666667,9.333333333333334,2.666666666666667,1.7783148533143538,7.273712005571031
Termostato (zm = 0),R132,17.64429111375476,2,12,42.66666666666667,9.333333333333334,0.0,2.837202634414164,0.0
Termostato (zm = 0),R133,28.731022172568156,20,8,52.0,5.333333333333334,0.0,2.0329813546853255,10.601169933147633
Termostato (zm = 0),R134,30.894218097516948,1,10,72.0,20.0,0.0,2.0287477866895975,7.827199855153204
Termostato (zm = 0),R135,17.97023870413611,43,23,37.333333333333336,10.666666666666668,5.333333333333334,2.1271899901419147,8.620695710306407
Termostato (zm = 0),R136,23.75031245913905,4,18,92.0,54.666666666666664,38.666666666666664,1.0073621878131485,1.346983704735376
Termostato (zm = 0),R137,17.3303044986966,27,19,46.666666666666664,16.0,6.666666666666667,2.445027447803578,3.771554373259053
Termostato (zm = 0),R138,18.584005505923223,31,2,49.333333333333336,13.333333333333334,6.666666666666667,2.0639357354750474,5.657331559888579
Termostato (zm = 0),R139,20.699417141938664,1,10,80.0,66.66666666666666,40.0,1.0017336211099406,0.0
Termostato (zm = 0),R140,24.24985653089488,1,10,93.33333333333333,37.333333333333336,5.333333333333334,1.3816797385717206,1.6163804456824513
Termostato (zm = 0),R141,16.587171953459148,3,14,22.666666666666664,8.0,0.0,3.5730193786175217,0.0
Termostato (zm = 0),R142,28.613307666948664,24,23,58.666666666666664,0.0,0.0,1.9234645346266976,11.139963415041784
Termostato (zm = 0),R143,25.42071911813817,35,22,46.666666666666664,4.0,0.0,1.9152028334488314,10.775869637883009
Termostato (zm = 0),R144,32.18342384974947,34,5,36.0,0.0,0.0,2.0652716303324183,18.15897304735376
Termostato (zm = 0),R145,17.128458618422385,42,4,37.333333333333336,12.0,6.666666666666667,2.4011548573540695,7.543108746518106
Termostato (zm = 0),R146,28.655368171943778,33,6,38.666666666666664,0.0,0.0,2.0317351263482903,14.372724306406687
Termostato (zm = 0),R147,17.908051113770274,15,22,58.666666666666664,20.0,9.333333333333334,2.1298746376116493,1.6163804456824513
Termostato (zm = 0),R148,27.621019667731012,18,22,68.0,2.666666666666667,0.0,1.868497030363066,8.081902228412256
Termostato (zm = 0),R149,21.601666170843085,30,4,60.0,16.0,8.0,1.7064383615379326,7.543108746518106
Termostato (zm = 0),R150,18.325409063887165,27,22,54.666666666666664,14.666666666666666,6.666666666666667,2.0234259642912606,4.579744596100278
